address,zip_code,building_name,leasing_phone,leasing_email,website,numberofunits,year_built,number_stories,total_livable_area,market_value,owner_business_name,parcel_number,contact_confidence,source,active_listings_count,studio_count,br1_count,br2_count,br3plus_count,rent_min,rent_max,year_built_source,construction_era,website_source,lon,lat
3700-12 SPRUCE ST,19104,Fisher Hassenfeld College House (Penn),(215) 898-6846,,,1043,1895,4,181527,16573600,ATTN: PAUL KILBRIDE,881822520,websearch,opa_license,0,,,,,,,opa_license,Pre-1950,,-75.198553,39.950808
2200 S 25TH ST,19145,WILSON PARK APARTMENTS,+1 215-684-4809,,,774,2008,,431438,51681600,PHILADEPHIA HOUSING AUTHORITY,886760930,matched,opa_license,0,,,,,,,opa_license,2000-2009,,-75.189748,39.924382
600 HARVEY ST,19144,Rittenhouse Hill,+1 215-883-2006,,https://www.compass.com/agents/carla-brandoff/,624,1951,12,520280,87000600,POST RITTENHOUSE HILL LP,881211010,matched,opa_license,31,6,19,6,0,1325,2154,opa_license,1950-1979,rentcast_api,-75.185362,40.031108
1601 N 15TH ST,19121,Oxford Village Apartments,+1 215-765-3134,,,601,2007,12,254947,60389700,BROAD RESIDENTIAL PARTNERS LP,881299900,matched,opa_license,0,,,,,,,opa_license,2000-2009,,-75.159381,39.97802
2300-08 DIAMOND ST,19121,Raymond Rosen Apartments (Raymond Rosen Manor),(215) 684-4700,,,552,2004,2,126784,14532500,PHILADELPHIA HOUSING AUTHORITY,886761295,websearch,opa_license,0,,,,,,,opa_license,2000-2009,,-75.172542,39.985991
2554 W GLENWOOD AVE,19121,Renovated Apartment 3 Mi to Downtown Philadelphia - Apartment,,,,532,1941,,230800,27337200,C/O DANIEL QUIMBY,886760990,matched,opa_license,0,,,,,,,opa_license,Pre-1950,,-75.176434,39.985455
5450 WISSAHICKON AVE,19144,The Avenue at East Falls,+1 888-516-3223,,,504,1950,11,425535,60627300,CHARTER COURT APARTMENTS OWNER LLC,881137500,matched,opa_license,1,0,1,0,0,2910,2910,opa_license,1950-1979,,-75.181065,40.024495
200 N 16TH ST,19102,The Terrace on 18th Street,+1 215-398-1976,Leasing@Franklin-Tower.com,https://www.maxwellrealty.com,503,1950,24,626685,152219100,"200 NORTH 16TH STREET HOLDINGS, LP",881809216,matched,opa_license,31,3,28,0,0,1695,2715,opa_license,1950-1979,rentcast_api,-75.166214,39.957209
3601L MARKET ST,19104,Arrive University City,+1 888-910-2827,,,375,2015,28,354372,79105000,FPACP4 MARKET LLC,881115778,matched,opa_license,23,6,9,8,0,2409,4389,opa_license,2010-2019,,-75.194533,39.95667
1300-22 CECIL B MOORE AVE,19122,Oxford Village Apartments,+1 215-765-3134,housing@temple.edu,https://www.temple.edu,371,2001,5,96574,73992400,TEMPLE UNIVERSITY,881299070,matched,opa_license,0,,,,,,,opa_license,2000-2009,derived_from_email,-75.156395,39.977728
1101-37 CECIL B MOORE AVE,19122,Kardon/Atlantic Apartments,+1 215-236-8862,,,368,2018,18,461286,99616800,VANTAGE,881147220,matched,opa_license,0,,,,,,,opa_license,2010-2019,,-75.153261,39.978578
1601 N BROAD ST,19122,Oxford Village Apartments,+1 215-765-3134,housing@temple.edu,https://www.temple.edu,367,2013,9,169061,18791700,EDWARD NEBLOCK,881299110,matched,opa_license,0,,,,,,,opa_license,2010-2019,derived_from_email,-75.157498,39.97747
1 DOCK ST,19106,The Ryland,+1 267-481-8961,(215) 238-6000,,365,2024,31,289664,108224900,SHERATON SOCIETY HILL ,881000678,matched,opa_license,1,1,0,0,0,1949,1949,opa_license,2020+,,-75.143536,39.946185
4000 PRESIDENTIAL BLVD,19131,Lincoln Green Apartments,+1 215-297-6454,,,360,1986,3,253400,60274500,LINCOLN GREEN 2018 LLC,881162530,matched,opa_license,1,0,1,0,0,1595,1595,opa_license,1980-1999,,-75.209247,40.00549
3901-03 SPRUCE ST,19104,The Chestnut,+1 833-876-4829,,,354,1970,5,294290,30737400,ATTN: PAUL KILBRIDE,881822550,matched,opa_license,0,,,,,,,opa_license,1950-1979,,-75.201097,39.951874
3400L LANCASTER AVE,19104,Arrive University City,+1 888-910-2827,,,351,2014,26,552275,96985600,AMERICAN CAMPUS COMMUNITIES OPERATING PARTNERSHIP,881111120,matched,opa_license,0,,,,,,,opa_license,2010-2019,,-75.191907,39.957208
5437-53 VINE ST,19139,Haverford Apartments,+1 215-712-8580,,,348,1958,,41607,4522400,C/O DANIEL QUIMBY,886761010,matched,opa_license,0,,,,,,,opa_license,1950-1979,,-75.229391,39.96571
500 ADAMS AVE,19120,,,,,334,1938,,171000,27708400,C/O DANIEL QUIMBY,886761630,websearch,opa_license,0,,,,,,,opa_license,Pre-1950,,-75.110773,40.036813
3850 CITY AVE,19131,Presidential City,+1 267-490-4288,,,330,1953,11,391885,130088100,POST PRESIDENTIAL PROPERTY OWNER LLC,881162520,matched,opa_license,0,,,,,,,opa_license,1950-1979,,-75.207669,40.008195
1229-37 CHESTNUT ST,19107,The Collins Apartments,+1 267-881-0177,,https://www.maxwellrealty.com,324,1907,16,267023,49359300,L A 1229 CHESTNUT ST LP,881302000,matched,opa_license,45,33,7,5,0,975,2200,opa_license,Pre-1950,rentcast_api,-75.16143,39.950845
1000 S BROAD ST,19146,Lincoln Square,+1 215-515-2553,leasing@lincolnsquare.com,https://www.lincolnsquare.com,322,2018,9,458809,121200000,LINCOLN SQUARE 1766 ASSOCIATES LLC,881111438,matched,opa_license,1,1,0,0,0,1727,1727,opa_license,2010-2019,derived_from_email,-75.167519,39.938608
1919-43 MARKET ST,19103,The Terrace on 18th Street,+1 215-398-1976,,,321,2014,28,455000,120872500,BRANDYWINE 1919 VENTURES,881035640,matched,opa_license,1,1,0,0,0,2046,2046,opa_license,2010-2019,,-75.172642,39.953882
3900-06 CHESTNUT ST,19104,The Chestnut,+1 833-876-4829,,http://tcsgroup.com,315,1923,11,268381,52311900,AIMCO CHESTNUT HALL LP,881117500,matched,opa_license,55,39,16,0,0,1093,1642,opa_license,Pre-1950,rentcast_api,-75.200536,39.955001
200 W WASHINGTON SQ,19106,The Ledger Residences by Sosuite - Old City,+1 833-533-4371,,https://null,306,2002,33,665742,183000000,ST. JAMES ASSOC JOINT VENTURE,881567905,matched,opa_license,1,1,0,0,0,2564,2564,opa_license,2000-2009,rentcast_api,-75.153803,39.947711
6100 CITY AVE,19131,6300 CITY AVE,+1 267-885-2858,,,302,1983,20,511806,52701200,"EXECUTIVE HOUSE INVESTORS, LP",881125625,matched,opa_license,1,0,1,0,0,1728,1728,opa_license,1980-1999,,-75.248437,39.990441
3939 CONSHOHOCKEN AVE,19131,The Helston Apartments,+1 267-697-5274,,,300,1968,11,260237,49734000,BRITH SHOLOM WINIT LP,881161010,matched,opa_license,0,,,,,,,opa_license,1950-1979,,-75.208337,40.003215
1220-46 N BROAD ST,19121,The Greenery Apartments,+1 267-530-1047,,,300,1940,15,244470,31171300,SREP REGENCY APARTMENTS LLC,881146000,matched,opa_license,0,,,,,,,opa_license,Pre-1950,,-75.15966,39.972756
3901 CONSHOHOCKEN AVE,19131,Lincoln Green Apartments,+1 215-297-6454,,,300,1968,9,368612,54328300,KIRYAT GREENBRIER PRTSHP,881161000,matched,opa_license,1,1,0,0,0,835,835,opa_license,1950-1979,,-75.206722,40.004739
3401 CHESTNUT ST,19104,Arrive University City,+1 888-910-2827,,,290,2007,8,525469,91435000,KRISTIN HEVERLY AGENT,881116113,matched,opa_license,0,,,,,,,opa_license,2000-2009,,-75.192742,39.954866
4700 CITY AVE,19131,Vista Apartment Homes,+1 267-376-8914,,,276,1847,5,291026,61416000,TINA MCARDLE-HUDSON AGT,881155152,matched,opa_license,1,0,1,0,0,1816,1816,opa_license,Pre-1950,,-75.224613,40.001325
4040 PRESIDENTIAL BLVD,19131,Lincoln Green Apartments,+1 215-297-6454,,,276,1988,2,194304,47129200,GATEWAY MADISON PROPTS INC,881162535,matched,opa_license,0,,,,,,,opa_license,1980-1999,,-75.210967,40.004622
3800 CITY AVE,19131,Presidential City,+1 267-490-4288,,,265,1955,13,451857,52820800,POST PRESIDENTIAL PROPERTY OWNER LLC,881162420,matched,opa_license,0,,,,,,,opa_license,1950-1979,,-75.209534,40.008069
7800 LINDBERGH BLVD,19153,International City Apartments,+1 215-365-6650,,,262,1971,2,246303,29249100,ATTN:PROPERTY MANAGER,881141900,matched,opa_license,0,,,,,,,opa_license,1950-1979,,-75.244514,39.902104
9601 ASHTON RD,19114,Victoria Woods,+1 215-671-9955,,,260,1972,2,256300,25949600,ASHTON APTS LP,881193500,matched,opa_license,0,,,,,,,opa_license,1950-1979,,-75.014084,40.06974
10900-60 BUSTLETON AVE,19116,Ashley Court Apartments,+1 215-464-9100,,,254,1965,3,223170,37120700,ASHLEY COURT 2013 LP,881203000,matched,opa_license,1,1,0,0,0,1175,1175,opa_license,1950-1979,,-75.024513,40.112612
3102-18 W ABBOTTSFORD AVE,19129,NewCourtland Apartments at Henry Avenue,+1 215-844-1980,,,254,1942,,232908,36175500,C/O DANIEL QUIMBY,886761420,matched,opa_license,0,,,,,,,opa_license,Pre-1950,,-75.179063,40.011939
5553 WISSAHICKON AVE,19144,Hathaway House Apartments,+1 267-697-5641,,,250,1959,14,273509,25498600,PARK HEIGHTS LIMITED PRTNRSP,881063000,matched,opa_license,1,1,0,0,0,975,975,opa_license,1950-1979,,-75.18268,40.027271
4231-41 LOCUST ST,19104,Fairfax Apartments,+1 267-332-1996,,http://tcsgroup.com,250,1927,8,190150,34404200,FAIRFAX APARTMENTS ASSOCIATES,881121500,matched,opa_license,13,8,3,2,0,1215,2445,opa_license,Pre-1950,rentcast_api,-75.208496,39.953993
4001 MONUMENT RD,19131,Meta Christy House,+1 267-641-1067,,,250,1975,12,123552,41282900,OVERMONT CORPORATION,881445825,matched,opa_license,0,,,,,,,opa_license,1950-1979,,-75.214976,40.004377
219-25 N 34TH ST,19104,Vue 32,+1 267-641-8054,,,249,2009,17,110007,41677900,ATTN: UNIVERSITY HOUSING,881822910,matched,opa_license,0,,,,,,,opa_license,2000-2009,,-75.190433,39.959581
1801-23 N 10TH ST,19122,Kardon/Atlantic Apartments,+1 215-236-8862,,,248,1911,5,83659,7695200,"1801 NORTH TENTH STREET GP, LP",881147225,matched,opa_license,0,,,,,,,opa_license,Pre-1950,,-75.150177,39.979629
250 N CHRISTOPHER COLUMBUS BLVD,19106,The National Old City Apartments,+1 215-278-9885,,,247,2017,16,210222,60000000,ONE WATER STREET ASSOCIATES OWNER LP,881007320,matched,opa_license,0,,,,,,,opa_license,2010-2019,,-75.139936,39.95486
2001-47 N BROAD ST,19122,,,,,247,1961,11,164412,53204000,TEMPLE UNIVERSITY,881299200,websearch,opa_license,0,,,,,,,opa_license,1950-1979,,-75.156055,39.983865
1199 LUDLOW ST,19107,The Collins Apartments,+1 267-881-0177,,,240,2018,23,169220,102705500,THE GIRARD,881012002,matched,opa_license,1,0,1,0,0,2158,2158,opa_license,2010-2019,,-75.159763,39.95125
1100 W MONTGOMERY AVE,19122,The View at Montgomery,+1 267-728-0237,,,238,2013,14,324477,60782300,"WESTMONT NORTH ASSOCIATES, LP",881147221,matched,opa_license,0,,,,,,,opa_license,2010-2019,,-75.153111,39.979269
2201 BRYN MAWR AVE,19131,Bryn Mawr Apartments,+1 877-783-1908,,,236,1960,18,197925,39327800,"CP ACQUISITIONS 30, LLC",881158000,matched,opa_license,0,,,,,,,opa_license,1950-1979,,-75.226056,39.990255
5325 OLD YORK RD,19141,YONO Apartments,+1 844-858-8157,,,233,1964,13,165402,15555100,AGT: PAUL COHEN,881150575,matched,opa_license,1,1,0,0,0,1025,1025,opa_license,1950-1979,,-75.144511,40.033958
1100-44 FAIRMOUNT AVE,19123,Broadridge,+1 215-918-4786,,,230,1999,,66690,12371400,C/O DANIEL QUIMBY,886761365,matched,opa_license,0,,,,,,,opa_license,1980-1999,,-75.156092,39.965638
3301 ARCH ST,19104,Vue 32,+1 267-641-8054,,,221,1972,8,88000,36463600,ATTN: UNIVERSITY HOUSING,881810301,matched,opa_license,0,,,,,,,opa_license,1950-1979,,-75.189632,39.958019
1320 W SOMERVILLE AVE,19141,YONO Apartments,+1 844-858-8157,,,218,1956,11,149689,14230800,AGT: PAUL COHEN,881150675,matched,opa_license,1,1,0,0,0,878,878,opa_license,1950-1979,,-75.144216,40.034593
8500 LINDBERGH BLVD,19153,Korman Residential At International City C...,+1 215-365-6650,,,218,1976,2,160959,24569000,ATTN: PROPERTY MANAGER,881138500,matched,opa_license,0,,,,,,,opa_license,1950-1979,,-75.253177,39.894955
4901-37 STENTON AVE,19144,Hilltop Crescent Apartments,+1 215-438-3382,,,216,1890,2,198000,19380100,FISHERS CROSSING REALTY LP,881422820,matched,opa_license,1,0,1,0,0,1035,1035,opa_license,Pre-1950,,-75.158073,40.029879
401 RACE ST,19106,The View at Old City,+1 833-981-3117,,,216,2019,4,243807,44178000,PRCP-PHILADELPHIA INVESTMENT LLC,881007362,matched,opa_license,1,1,0,0,0,1895,1895,opa_license,2010-2019,,-75.147138,39.954622
3900 GATEWAY DR,19145,The Enclaves,+1 844-581-5799,,,216,2005,3,54940,6884800,GATEWAY ENCLAVE LP,881113406,matched,opa_license,1,0,1,0,0,1845,1845,opa_license,2000-2009,,-75.192555,39.901565
204-06 S 13TH ST,19107,The Collins Apartments,+1 267-881-0177,,,212,1928,22,128337,25000000,CHANCELLOR ASSOCIATES,881015000,matched,opa_license,1,1,0,0,0,1150,1150,opa_license,Pre-1950,,-75.162525,39.948644
1340 RHAWN ST,19111,,,,,212,1975,4,184640,21894500,GLORIA DEI ESTATES CORPORATION,881228101,websearch,opa_license,0,,,,,,,opa_license,1950-1979,,-75.067262,40.066987
201 N 34TH ST,19104,Vue 32,+1 267-641-8054,,,208,1962,11,79377,43649000,ATTN: UNIVERSITY HOUSING,881822870,matched,opa_license,0,,,,,,,opa_license,1950-1979,,-75.190399,39.959122
6451-61 OXFORD AVE,19111,Oxford House Apartments,+1 215-650-6496,,,207,1960,4,171000,23000000,OXFORD APT PARTNERS LP,881163000,matched,opa_license,8,0,6,2,0,1185,1600,opa_license,1950-1979,,-75.086497,40.046168
1616-26 WALNUT ST,19103,Icon Apartments,+1 267-827-2817,,http://tcsgroup.com,206,1929,25,274250,71538300,1616 WALNUT LP,881012260,matched,opa_license,14,0,14,0,0,2154,3774,opa_license,Pre-1950,rentcast_api,-75.168476,39.949578
8400 LINDBERGH BLVD,19153,Korman Residential At International City C...,+1 215-365-6650,,,202,1976,2,185840,24079300,EASTWICK JOINT VENTURE *,881138000,matched,opa_license,0,,,,,,,opa_license,1950-1979,,-75.252079,39.896152
3701 CONSHOHOCKEN AVE,19131,West River Apartments,+1 215-660-7891,,,200,1965,11,305100,39446000,DUFFIELD HSE ASSOCIATES,881159500,matched,opa_license,1,1,0,0,0,1210,1210,opa_license,1950-1979,,-75.204467,40.003895
6100 OXFORD AVE,19111,,,,,200,1942,2,225550,22166500,C/O DANIEL QUIMBY,886761655,none,opa_license,0,,,,,,,opa_license,Pre-1950,,-75.089625,40.040157
1000-28 WALNUT ST,19107,The Collins Apartments,+1 267-881-0177,,,200,1957,20,206840,45201400,THOMAS JEFFERSON UNIVERSITY,881008255,matched,opa_license,1,0,1,0,0,1689,1689,opa_license,1950-1979,,-75.158248,39.948236
7400 E ROOSEVELT BLVD,19152,7400 Roosevelt Apartments,+1 855-998-6554,,,196,1973,4,225372,10032000,LINDY-7400 ROOSEVELT LP,881171000,matched,opa_license,1,0,1,0,0,1305,1305,opa_license,1950-1979,,-75.052466,40.047876
3801 CONSHOHOCKEN AVE,19131,The Helston Apartments,+1 267-697-5274,,,186,1970,8,172774,21640400,3801 CONSHOHOCKEN HOLDINGS LLC,881160000,matched,opa_license,1,1,0,0,0,1270,1270,opa_license,1950-1979,,-75.205793,40.003751
8040 ROWLAND AVE,19136,Park Terrace Apartments,+1 215-650-6280,,,183,1964,4,172200,20030500,RONEX CORP,881231500,matched,opa_license,7,0,7,0,0,1230,1550,opa_license,1950-1979,,-75.030612,40.047117
1401-25 N 5TH ST,19122,G8ONE Apartment Building,+1 267-889-0038,,https://brynmawr.yourkwoffice.com,181,1940,10,190276,28158900,UMBRELLA FACTORY LP,881006775,matched,opa_license,2,1,0,1,0,1269,2174,opa_license,Pre-1950,rentcast_api,-75.144099,39.972969
3950 CITY AVE,19131,Lincoln Green Apartments,+1 215-297-6454,,,180,1953,11,210738,38432200,POST PRESIDENTIAL PROPERTY OWNER LLC,881162600,matched,opa_license,0,,,,,,,opa_license,1950-1979,,-75.205799,40.007888
3464 W SCHOOL HOUSE LN,19129,The Grace Apartments,+1 484-573-6448,,,174,1987,3,67370,22923800,PHILADELPHIA UNIVERSITY,881451110,matched,opa_license,0,,,,,,,opa_license,1980-1999,,-75.194957,40.016693
3500-40 POWELTON AVE,19104,ANOVA uCity Square,+1 267-463-2920,,,165,1895,5,133000,24842900,THE COURTS UCAL LLC,881111100,matched,opa_license,0,,,,,,,opa_license,Pre-1950,,-75.193134,39.959579
7200 BRANT PL,19153,Unico Village Senior Apartments,+1 215-365-1828,,,164,1980,2,84125,13870800,"UNICO VILLAGE II, LP",881125155,matched,opa_license,0,,,,,,,opa_license,1980-1999,,-75.234655,39.911531
315-23 N 12TH ST,19107,Goldtex,+1 267-500-9025,,,163,1925,10,140363,29680400,MICHAEL PESTRONK,881519440,matched,opa_license,1,1,0,0,0,1885,1885,opa_license,Pre-1950,,-75.158075,39.958167
3601 CONSHOHOCKEN AVE,19131,West River Apartments,+1 215-660-7891,,,162,1965,4,203522,27169400,GPX FT APARTMENT PROPERTIES LP,881159200,matched,opa_license,7,0,4,3,0,1450,2065,opa_license,1950-1979,,-75.203328,40.004539
9801-15 HALDEMAN AVE,19115,Beechwood Gardens,+1 215-677-5949,,,160,1967,2,140000,17970800,DBA BEECHWOOD PHILADELPHIA LLC,881199001,matched,opa_license,0,,,,,,,opa_license,1950-1979,,-75.029231,40.094094
2108-10 N BROAD ST,19121,Dauphin Arms Apartment Homes,+1 215-235-1156,,,159,1993,4,6396,1349400,TEMPLE UNIVERSITY,881299160,matched,opa_license,0,,,,,,,opa_license,1980-1999,,-75.15691,39.98515
7400 HAVERFORD AVE,19151,Haverford Court Apartments,+1 855-998-6708,,,158,1964,4,140820,18617000,LINDY-7400 HAVERFORD LP,881127500,matched,opa_license,1,0,0,1,0,1640,1640,opa_license,1950-1979,,-75.264082,39.975488
1050 N HANCOCK ST,19123,The Piazza,+1 215-613-9619,,,158,2008,7,163400,42259700,1050 N. HANCOCK PARTNERS LP,881006665,matched,opa_license,0,,,,,,,opa_license,2000-2009,,-75.139304,39.966597
4001 CONSHOHOCKEN AVE,19131,Park Tower Apartments,+1 215-878-8882,parktowerapartments@beaconcommunitiesllc.com,https://www.beaconcommunitiesllc.com,156,1982,,134150,7031000,PARK PRESERVATION LIMITED PARTNERSHIP,886651700,matched,opa_license,0,,,,,,,opa_license,1980-1999,derived_from_email,-75.2124,40.002541
3925 WALNUT ST,19104,3939 Chestnut Street,+1 215-921-4061,,,154,2008,15,304000,56361000,WALNUT STREET LESSE LP,881600508,matched,opa_license,0,,,,,,,opa_license,2000-2009,,-75.201455,39.954343
780 S 52ND ST,19143,The Irvine,+1 267-612-3199,,,153,1950,7,128453,25051900,IRVINE APARTMENTS LLC,881713810,matched,opa_license,1,1,0,0,0,1199,1199,opa_license,1950-1979,,-75.226113,39.946066
315-21 N BROAD ST,19107,The Packard Building,+1 215-267-4490,,,151,1910,8,225000,33745000,JAR HOLDINGS LLC,881041400,matched,opa_license,0,,,,,,,opa_license,Pre-1950,,-75.161414,39.958583
1201 JACKSON ST,19148,Brush Factory Lofts,+1 215-982-2521,,https://www.tcsmgt.com,151,1950,5,147525,28142300,TR JACKSON LP,881450650,matched,opa_license,12,0,9,3,0,1550,2200,opa_license,1950-1979,rentcast_api,-75.166586,39.923204
13109-51 BUSTLETON AVE,19116,Somerton Court Apartments,+1 215-671-9749,,,150,1974,3,179718,32000000,SOMERTON APARTMENTS 2018 LLC,881206510,matched,opa_license,0,,,,,,,opa_license,1950-1979,,-75.012864,40.127855
2062 GRANT AVE,19115,Michner Pointe Apartments,+1 215-398-1476,,,149,1964,3,94000,15757700,GRANT GARDENS HOLDINGS LP,881198800,matched,opa_license,1,0,1,0,0,1295,1295,opa_license,1950-1979,,-75.031809,40.081861
1941-53 N BROAD ST,19122,,,,,149,1999,5,178410,35939100,TEMPLE UNIVERSITY,881299140,none,opa_license,0,,,,,,,opa_license,1980-1999,,-75.156275,39.982855
3700 GATEWAY DR,19145,The Enclaves,+1 844-581-5799,,,149,1968,6,148000,17531900,PARK BRADFORD APARTMENTS LP,881113205,matched,opa_license,0,,,,,,,opa_license,1950-1979,,-75.192083,39.904548
3600 GATEWAY DR,19145,Park Bradford Apartments,,,,149,1968,6,148000,18093900,PARK BRADFORD APARTMENTS LP,881113105,websearch,opa_license,1,0,1,0,0,1485,1485,opa_license,1950-1979,,-75.191847,39.90583
6201 N 10TH ST,19141,Regency House,+1 844-634-1165,,,148,1949,4,167600,13632600,STEVENSON TERRACE APARTMENTS,881150000,matched,opa_license,0,,,,,,,opa_license,Pre-1950,,-75.135482,40.04692
1 BROWN ST,19123,Residences at 1 Brown,+1 215-764-5909,,https://sothebysrealty.com/kurfiss,147,1925,8,265000,41554000,1 BROWN STREET ASSOCIATES LP,881006085,matched,opa_license,2,1,0,1,0,1757,2497,opa_license,Pre-1950,rentcast_api,-75.137512,39.9624
777 S BROAD ST,19147,777 South Broad Street,+1 814-501-6738,,http://tcsgroup.com,146,2009,5,217524,43252600,777 S BROAD ST,881576550,matched,opa_license,21,0,4,17,0,2490,4131,opa_license,2000-2009,rentcast_api,-75.165355,39.941228
205-09 RACE ST,19106,The National Old City Apartments,+1 215-278-9885,,,146,2016,17,149005,38500100,"SECOND AND RACE STREETS, LP",881007100,matched,opa_license,1,1,0,0,0,1885,1885,opa_license,2010-2019,,-75.143312,39.95404
1200-50 CECIL B MOORE AVE,19122,Yorktown Arms,+1 215-765-2600,,,146,1968,6,218960,46368500,TEMPLE UNIVERSITY,881299060,matched,opa_license,0,,,,,,,opa_license,1950-1979,,-75.155044,39.977681
4701-29 PINE ST,19143,Olympic Tower Apartments,+1 215-536-3555,,,145,1930,1,5006,92627700,GARDEN COURT APARTMENTS,881145000,matched,opa_license,53,13,38,2,0,1435,3075,opa_license,Pre-1950,,-75.217045,39.952818
1200-38 FAIRMOUNT AVE,19123,Mily on Green Apartments,+1 215-995-1399,,,140,1979,2,141400,10432300,INTERSTATE REALTY MANAGEMENT,881041749,matched,opa_license,0,,,,,,,opa_license,1950-1979,,-75.157761,39.965557
1101 N 63RD ST,19151,Overbrook Tower,+1 267-219-8690,,,139,1930,10,99900,10133700,LIBERTY PORTFOLIO LLC,881126002,matched,opa_license,1,0,0,1,0,1235,1235,opa_license,Pre-1950,,-75.246036,39.980909
4700 WALNUT ST,19139,"Manor Flats off Sansom, University City, Philly, New Luxury Apartment Rentals",+1 732-351-2567,,,139,1911,5,461834,53936800,WPHS VENTURE PARTNERS LLC,881145255,matched,opa_license,0,,,,,,,opa_license,Pre-1950,,-75.216768,39.955273
3816-36 CHESTNUT ST,19104,The Chestnut,+1 833-876-4829,,,138,1925,7,132048,36363100,HAMILTON COURT,881117000,matched,opa_license,0,,,,,,,opa_license,Pre-1950,,-75.199568,39.954882
301 W QUEEN LN,19144,Kings Manor,+1 215-849-0777,,,138,2015,,72364,1204500,C/O DANIEL QUIMBY,886761620,matched,opa_license,0,,,,,,,opa_license,2010-2019,,-75.175487,40.026531
20 S 36TH ST,19104,Arrive University City,+1 888-910-2827,,,138,1925,7,65380,14525500,AXIS UKA ASSOCIATES LP,881601401,matched,opa_license,0,,,,,,,opa_license,Pre-1950,,-75.194639,39.955233
912-28 WALNUT ST,19107,The Collins Apartments,+1 267-881-0177,,,138,1976,10,228000,31573800,THOMAS JEFFERSON UNIVERSITY,881008240,matched,opa_license,1,0,1,0,0,1818,1818,opa_license,1950-1979,,-75.157007,39.948153
2738-50 BELMONT AVE,19131,Vista Apartment Homes,+1 267-376-8914,,,138,1965,5,119000,15490700,BEEKMAN PLACE INVESTORS LP,881157000,matched,opa_license,1,1,0,0,0,1195,1195,opa_license,1950-1979,,-75.220635,40.000882
9 N 9TH ST,19107,The Warehouse Apartments,+1 215-241-0200,,https://null,137,1922,8,215353,22176000,PMC 811 FILBERT ST ASSOC LP,881014610,matched,opa_license,13,0,10,3,0,1775,2795,opa_license,Pre-1950,rentcast_api,-75.154077,39.952541
505-15 W CHELTEN AVE,19144,Hathaway House Apartments,+1 267-697-5641,,http://tcsgroup.com,137,1968,15,174375,10993200,HATHAWAY ASSOCIATES LP,881210500,matched,opa_license,4,0,1,3,0,1631,2289,opa_license,1950-1979,rentcast_api,-75.183552,40.027886
5600-36 RACE ST,19139,Mt Carmel Garden Apartments,+1 215-474-1888,,,136,1982,6,107376,14463500,INTERSTATE REALTY,881014620,matched,opa_license,0,,,,,,,opa_license,1980-1999,,-75.232851,39.963751
9503 STATE RD,19114,Waterside Apartments,+1 215-632-8188,,,135,1985,6,152835,20828800,BEACON POINTE ASSOCIATE LP,881233101,matched,opa_license,1,1,0,0,0,1425,1425,opa_license,1980-1999,,-74.983643,40.049254
231-47 N 3RD ST,19106,The View at Old City,+1 833-981-3117,,,135,1902,6,173048,28966100,JAR HOLDINGS II LP,881006201,matched,opa_license,1,0,1,0,0,1950,1950,opa_license,Pre-1950,,-75.144048,39.95501
218-26 ARCH ST,19106,The National Old City Apartments,+1 215-278-9885,,https://www.maxwellrealty.com,135,2019,10,175574,30590900,218 ARCH STREET ASSOCIATES LP,881007485,matched,opa_license,6,0,4,2,0,1500,3005,opa_license,2010-2019,rentcast_api,-75.144268,39.951714
2801 N 47TH ST,19131,Vista Apartment Homes,+1 267-376-8914,,,132,1964,13,144500,23834800,RRE IROQUOIS LP,881157500,matched,opa_license,1,0,1,0,0,1575,1575,opa_license,1950-1979,,-75.223024,40.001932
201 S 13TH ST,19107,The Collins Apartments,+1 267-881-0177,,https://www.maxwellrealty.com,132,1901,10,101655,20000000,WALNUT SQUARE PARTNERS,881011501,matched,opa_license,8,0,6,2,0,1420,2035,opa_license,Pre-1950,rentcast_api,-75.161944,39.94883
851 RED LION RD,19115,Ambassador Apartments,+1 215-673-7707,,,129,1973,2,148409,17264500,BIENENFELD HELEN,881199500,matched,opa_license,1,0,1,0,0,1619,1619,opa_license,1950-1979,,-75.029861,40.104224
3300 RACE ST,19104,Vue 32,+1 267-641-8054,,,129,2008,11,113945,39854400,ATTN:  UNIVERSITY HOUSING,881822900,matched,opa_license,0,,,,,,,opa_license,2000-2009,,-75.189669,39.95853
100 W OXFORD ST,19122,Dwell 2nd Street,+1 855-968-9355,,,128,1881,5,175607,13868300,OXFORD MILLS LLC,881006875,matched,opa_license,1,0,1,0,0,1550,1550,opa_license,Pre-1950,,-75.135222,39.973775
4051 FORD RD,19131,Park Tower Apartments,+1 215-878-8882,,,128,1999,,112064,5785000,MULTIFAMILY MANAGEMENT,886907010,matched,opa_license,0,,,,,,,opa_license,1980-1999,,-75.211598,40.000783
1030-42 BELMONT AVE,19104,Stephen Smith Towers Apartments,+1 215-878-9560,,,127,1967,11,75569,12864900,C/O LYNDA ANDREW HOLDER,881446550,matched,opa_license,0,,,,,,,opa_license,1950-1979,,-75.212536,39.97243
241 S 49TH ST,19139,Olympic Tower Apartments,+1 215-536-3555,,,127,1925,8,111888,20438500,49TH AND SPRUCE ASSOCIATES LP,881145500,matched,opa_license,15,0,4,11,0,1525,1975,opa_license,Pre-1950,,-75.219609,39.954606
531-51 E WASHINGTON LN,19144,Washington Lane Apartments,+1 267-415-4160,,,126,1950,,103924,5696000,CABOUCHON PROPERTIES LLC,886613400,matched,opa_license,0,,,,,,,opa_license,1950-1979,,-75.174646,40.050666
824-34 RED LION RD,19115,Ambassador Apartments,+1 215-673-7707,,,126,1977,2,148309,17287500,AMBASSADOR II APTS,881196500,matched,opa_license,0,,,,,,,opa_license,1950-1979,,-75.03156,40.103092
1727 W HUNTING PARK AVE,19140,Opportunities Tower I & II,(215) 844-4848,,,126,1987,,100942,5607000,ERIN DEVLIN AGT,886810736,websearch,opa_license,0,,,,,,,opa_license,1980-1999,,-75.156051,40.015474
400 S 40TH ST,19104,Luna on Pine,+1 888-609-1171,,,122,2018,5,114840,21774000,"AZALEA GARDENS PARTNERS, LP",881606750,matched,opa_license,1,1,0,0,0,1325,1325,opa_license,2010-2019,,-75.203809,39.9505
9517-55 STATE RD,19114,Waterside Apartments,+1 215-632-8188,,,120,1986,2,130000,19410300,RIVERS EDGE ASSOCIATES,881233175,matched,opa_license,0,,,,,,,opa_license,1980-1999,,-74.98272,40.048036
4991 PARKSIDE AVE,19131,Bryn Mawr Apartments,+1 877-783-1908,,,120,1947,2,131320,12939600,WYNNEFIELD TERRACE ASSOC,881155300,matched,opa_license,0,,,,,,,opa_license,Pre-1950,,-75.224639,39.989023
7810-20 ALGON AVE,19111,Algon Flats Apartments,+1 215-712-8575,algonflats@galmangroup.com,https://www.galmangroup.com,120,1963,3,113256,15764000,GALMAN ALGON 2018 LP,881168000,matched,opa_license,1,0,1,0,0,1435,1435,opa_license,1950-1979,derived_from_email,-75.066813,40.063292
800 COTTMAN AVE,19111,Regency Park Apartments,+1 877-506-6356,,,120,1974,4,298995,31945100,NEWTOWNE PARK ASSOCIATES,881130500,matched,opa_license,0,,,,,,,opa_license,1950-1979,,-75.088426,40.061395
1531 W TIOGA ST,19140,Tioga Presbyterian Apartments,+1 215-225-9544,,,114,1996,7,97964,8496700,"TIOGA PRESBYTERIAN APARTMENTS, INC.",881299290,matched,opa_license,0,,,,,,,opa_license,1980-1999,,-75.154687,40.00683
12001-09 BUSTLETON AVE,19116,Arthur and Estelle Sidewater House,+1 215-673-6446,,,114,1986,6,81799,12480900,ARBOR HOUSE INC,881201700,matched,opa_license,0,,,,,,,opa_license,1980-1999,,-75.015211,40.121553
4628 LEIPER ST,19124,Grand Leiper Apartments,+1 866-488-3650,,,113,1945,4,82600,8479100,AVONDALE APTS LP,881105000,matched,opa_license,1,1,0,0,0,798,798,opa_license,Pre-1950,,-75.08698,40.018039
2901 WELSH RD,19152,Fountain Gardens Apartments,+1 844-762-1106,,,111,1972,3,98757,12130100,2901 WELSH ROAD ASSOCIATES,881190500,matched,opa_license,1,1,0,0,0,1159,1159,opa_license,1950-1979,,-75.027531,40.061758
5100 LEBANON AVE,19131,Bryn Mawr Apartments,+1 877-783-1908,,,110,1956,10,111000,12601700,BRYN MAWR SUITES LP,881158500,matched,opa_license,1,1,0,0,0,1100,1100,opa_license,1950-1979,,-75.227032,39.988734
339 N BROAD ST,19107,The Packard Building,+1 215-267-4490,,,110,2017,5,115109,29000000,NB PROJECT OWNER LLC,881041339,matched,opa_license,0,,,,,,,opa_license,2010-2019,,-75.161508,39.959253
4931-59 SPRUCE ST,19139,Olympic Tower Apartments,+1 215-536-3555,parkside-leasing@altmanco.com,https://www.altmanco.com,109,1925,4,68550,3900000,TERRACE APARTMNETS,881215555,matched,opa_license,0,,,,,,,opa_license,Pre-1950,derived_from_email,-75.221533,39.95439
4300-22 CHESTNUT ST,19104,Fairfax Apartments,+1 267-332-1996,,,109,1907,4,76200,19360800,"NETHERLANDS APTS., LP",881121700,matched,opa_license,0,,,,,,,opa_license,Pre-1950,,-75.209163,39.956228
6210-42 E ROOSEVELT BLVD,19149,Audubon Homes,+1 267-332-8443,,,108,1960,2,83318,10291600,MMT PHILLY LLC,881163650,matched,opa_license,9,0,6,3,0,1210,1545,opa_license,1950-1979,,-75.074106,40.035127
3120 W SCHOOL HOUSE LN,19144,Independence Plaza Apartments (Philau Independence Plaza),,,,108,1961,2,139200,28617800,PHILADELPHIA UNIVERSITY,881451100,websearch,opa_license,0,,,,,,,opa_license,1950-1979,,-75.188507,40.021423
450 BYBERRY RD,19116,Forest Station Apartments,+1 215-874-6365,,,108,1968,3,110380,15405000,AUDUBON ESTATES PARTNERS LTD,881201500,matched,opa_license,1,0,1,0,0,1280,1280,opa_license,1950-1979,,-75.019679,40.12525
730 BYBERRY RD,19116,Arthur and Estelle Sidewater House,+1 215-673-6446,,,106,1971,6,100000,5046600,FOP SENIOR CITIZENS,881201620,matched,opa_license,0,,,,,,,opa_license,1950-1979,,-75.013534,40.121673
1220 LINDLEY AVE,19141,Lindley Court Apartments,+1 215-457-1336,,,106,1938,7,63728,8278900,LINDLEY TOWER REALTY CO LP,881150650,matched,opa_license,0,,,,,,,opa_license,Pre-1950,,-75.143894,40.029856
1900 W ALLEGHENY AVE,19132,The New Courtland Apartments,215-684-4174,info@newcourtland.org,https://www.newcourtland.org,105,2016,,34800,1128000,NEWCOURTLAND APTS AT ALLEGHENY 2 LP,886653905,matched,opa_license,0,,,,,,,opa_license,2010-2019,derived_from_email,-75.160669,40.002049
9629 BUSTLETON AVE,19115,Chapelcroft Apartments,+1 267-459-8489,,,105,1964,4,78015,10886400,CHAPELCROFT HOLDINGS LP,881198000,matched,opa_license,1,0,1,0,0,1390,1390,opa_license,1950-1979,,-75.034537,40.087148
1605-27 SANSOM ST,19103,Josephine,+1 267-310-3034,leasingsansom@pancomgt.com,https://www.pancomgt.com,104,2013,8,88978,28291400,G2S2 ASSOCIATES LP,881547010,matched,opa_license,1,0,1,0,0,1927,1927,opa_license,2010-2019,derived_from_email,-75.16814,39.950753
6515-27 EVERETT AVE,19149,Everett Court Apartments,+1 215-744-8271,,,102,1963,3,65870,13013800,EVERETT COURT REALTY ASSOC LP,881164505,matched,opa_license,0,,,,,,,opa_license,1950-1979,,-75.074038,40.040526
3943-45 CHESTNUT ST,19104,3939 Chestnut Street,+1 215-921-4061,,,101,2006,10,85800,24082000,40TH STREET PROMENADE LP,881600113,matched,opa_license,2,2,0,0,0,1325,1354,opa_license,2000-2009,,-75.201977,39.955919
121-23 S 41ST ST,19104,Uno on Chestnut,+1 267-215-3536,,,100,2017,5,12500,8972300,121 SOUTH 41ST STREET LLC,881121185,matched,opa_license,0,,,,,,,opa_license,2010-2019,,-75.204633,39.954941
5522 ARCH ST,19139,Booth Manor,(215) 471-0500,,,100,2007,6,83250,8846100,MULTIFAMILY MANANGEMENT,881450820,websearch,opa_license,0,,,,,,,opa_license,2000-2009,,-75.230477,39.961897
3800 GATEWAY DR,19145,The Enclaves,+1 844-581-5799,,,100,1968,6,82400,11121700,PARK BRADFORD APARTMENTS LP,881113305,matched,opa_license,0,,,,,,,opa_license,1950-1979,,-75.192292,39.903473
200 E SOMERSET ST,19134,Somerset Villas,+1 215-423-0090,,,99,1991,5,79355,9519500,SOMERSET VILLAS INC,886905900,matched,opa_license,0,,,,,,,opa_license,1980-1999,,-75.127912,39.991757
800 N DELAWARE AVE,19123,Residences at 1 Brown,+1 215-764-5909,,,98,1950,8,120000,23337400,800 DELAWARE AVE ASSOCIATES LP,881006076,matched,opa_license,0,,,,,,,opa_license,1950-1979,,-75.136905,39.962509
1201-05 CHESTNUT ST,19107,The Collins Apartments,+1 267-881-0177,,,98,1902,15,110250,22912000,THE COMMONWEALTH,881301100,matched,opa_license,11,4,6,1,0,1450,2965,opa_license,Pre-1950,,-75.160321,39.950708
3300 CHESTNUT ST,19104,The Left Bank,+1 814-787-1063,,,98,1920,5,195000,43414400,UNIVERSITY OF PENNA TRUSTEES,881822490,matched,opa_license,0,,,,,,,opa_license,Pre-1950,,-75.190927,39.953445
1224-34 SPRUCE ST,19107,1316 Pine Street Apartments,+1 267-432-7288,,,97,1925,8,68445,12058700,UNIVERSITY OF THE ARTS,881505710,matched,opa_license,0,,,,,,,opa_license,Pre-1950,,-75.162382,39.946451
4045 BALTIMORE AVE,19104,Luna on Pine,+1 888-609-1171,,https://www.tammymcmullin.kw.com,97,1926,6,63575,16205200,NEW HORIZON WEST I LP,881121145,matched,opa_license,2,0,1,1,0,1675,1750,opa_license,Pre-1950,rentcast_api,-75.205411,39.950179
8515-25 RISING SUN AVE,19111,Timbercove Apartments,+1 215-676-4169,,,96,1972,2,92160,11176700,"REAL PROPERTIES, MGR J. LIPNER",881229500,matched,opa_license,0,,,,,,,opa_license,1950-1979,,-75.067185,40.077625
351 E MOUNT PLEASANT AVE,19119,Sedgwick Station Apartments,+1 215-795-4390,,,93,1960,3,63379,8197300,SEDGWICK STATION,881096500,matched,opa_license,1,0,1,0,0,1550,1550,opa_license,1950-1979,,-75.184694,40.063425
1000 DIAMOND ST,19122,Temple Crossing,+1 215-714-1100,,https://null,92,2012,5,120000,23139700,1000 DIAMOND STREET LP,881147275,matched,opa_license,3,0,2,1,0,760,1900,opa_license,2010-2019,rentcast_api,-75.150089,39.983376
121-23 W TULPEHOCKEN ST,19144,Copley Manor Apartments,,,,92,1929,4,52700,7090400,121-23 WEST TULPEHOCKEN RD LLC,881211400,matched,opa_license,0,,,,,,,opa_license,Pre-1950,,-75.182914,40.039959
7201-49 REVERE ST,19149,Revere Court Apartments,+1 267-281-9224,,,91,1960,3,65600,10392800,REVERE COURT 2015 LP & GEF REVERE COURT LP,881231105,matched,opa_license,1,0,1,0,0,1245,1245,opa_license,1950-1979,,-75.053922,40.042418
4619-21 CHESTER AVE,19143,University Court on Chester Apartments,+1 215-921-5486,,,90,1920,5,39952,6931000,NEW HORIZONS WEST LANE LLC,881117225,matched,opa_license,1,0,1,0,0,1195,1195,opa_license,Pre-1950,,-75.214032,39.946358
4401 CONSHOHOCKEN AVE,19131,Vista Apartment Homes,+1 267-376-8914,,,89,1961,4,80000,11816700,ASHME REALTY ASSOCIATES,881156500,matched,opa_license,0,,,,,,,opa_license,1950-1979,,-75.220419,40.000326
7012-24 RISING SUN AVE,19111,Oxford Towers Apartments,+1 814-517-7480,,,88,2004,3,76260,10198700,AUSTIN MANOR APARTMENTS,881131000,matched,opa_license,1,0,1,0,0,1395,1395,opa_license,2000-2009,,-75.088481,40.057878
7801 E ROOSEVELT BLVD,19152,Winchester Walk Apartments - Roosevelt Blvd,+1 215-692-6057,,,88,1954,2,66550,8465400,R3W INTERMEDIATE HOLDINGS LLC,881230301,matched,opa_license,0,,,,,,,opa_license,1950-1979,,-75.047851,40.054356
1418 CONLYN ST,19141,Eli Court,+1 267-930-1269,,,88,1925,4,48520,5154200,ELI COURT LP,881071100,matched,opa_license,1,1,0,0,0,927,927,opa_license,Pre-1950,,-75.14523,40.042183
2101 GLENDALE AVE,19152,Northeast Apartments - Glendale Arms,+1 215-333-5522,,,88,1965,4,85253,9300100,NORTHEAST APARTMENT ASSOCIATION LP,881171500,matched,opa_license,0,,,,,,,opa_license,1950-1979,,-75.057925,40.056022
4035 PARRISH ST,19104,Sarah Allen Senior Home,+1 215-222-2700,,,87,1931,7,39774,8497000,C/O FRIENDS REHAB PROGRAM INC,881822370,matched,opa_license,0,,,,,,,opa_license,Pre-1950,,-75.204923,39.968696
301 S 19TH ST,19103,Rittenhouse Claridge,+1 215-546-2525,,,87,1920,16,78750,26434800,WOLGIN SEIDMAN PARTNERSHIP,881021500,matched,opa_license,1,1,0,0,0,2065,2065,opa_license,Pre-1950,,-75.172664,39.947702
6000-30 TABOR AVE,19111,Lawndale Apartments,+1 877-561-2898,,,86,1947,2,51800,7205500,LAWNDALE APARTMENTS,881129100,matched,opa_license,0,,,,,,,opa_license,Pre-1950,,-75.096411,40.043323
521-31 S BROAD ST,19147,1316 Pine Street Apartments,+1 267-432-7288,,http://tcsgroup.com,85,2013,7,118616,24500000,SOUTHSTAR LOFTS,881576560,matched,opa_license,14,2,9,3,0,1748,3133,opa_license,2010-2019,rentcast_api,-75.164942,39.943782
1411-19 WALNUT ST,19102,Westbury Apartments,(215) 545-5100,,https://null,84,1890,3,29703,19368700,WASHINGTON SQUARE PARTNERS,881012220,matched,opa_license,10,0,6,4,0,1675,3750,opa_license,Pre-1950,rentcast_api,-75.164937,39.949643
1801-41 EVARTS ST,19152,Tustin Court Apartments,+1 215-613-1963,,,84,1960,3,67500,7472900,EMERSON APTS LP,881176000,matched,opa_license,1,0,1,0,0,1200,1200,opa_license,1950-1979,,-75.049746,40.07257
4111 WALNUT ST,19104,Fairfax Apartments,+1 267-332-1996,,,84,1927,5,65910,10831200,4111 WALNUT STREET PARTNERS LP,881121000,matched,opa_license,1,1,0,0,0,1255,1255,opa_license,Pre-1950,,-75.205764,39.954919
3600-30 LANCASTER AVE,19104,Arrive University City,+1 888-910-2827,,,83,1870,3,142199,35104300,"CA RESIDENTIAL DREXEL, LLC",881111200,matched,opa_license,0,,,,,,,opa_license,Pre-1950,,-75.194269,39.958518
215 W WALNUT LN,19144,Walnut Terrace,+1 215-843-1392,,,83,1929,4,60524,7095300,WALLINGFORD 2007 ASSOCIATES LP,881211500,matched,opa_license,11,2,8,1,0,1095,1495,opa_license,Pre-1950,,-75.182799,40.03726
4720-40 PINE ST,19143,Olympic Tower Apartments,+1 215-536-3555,,,83,1934,4,60104,8850900,GARDEN COURT SOUTH ASSOCIATES,881145700,matched,opa_license,0,,,,,,,opa_license,Pre-1950,,-75.217449,39.952213
1120 N 66TH ST,19151,Courtyard Apartments,+1 215-310-7333,,,82,1943,2,39856,4939000,LOTUS VILLAGE ASOCIATES LP,881129000,matched,opa_license,0,,,,,,,opa_license,Pre-1950,,-75.254723,39.979948
5515 WISSAHICKON AVE,19144,The Avenue at East Falls,+1 888-516-3223,,,81,1929,4,104679,6928300,MARCHWOOD REALTY CO LP,881062500,matched,opa_license,0,,,,,,,opa_license,Pre-1950,,-75.181976,40.026844
4039 CHESTNUT ST,19104,Uno on Chestnut,+1 267-215-3536,,,81,1926,5,43776,7315500,UNIVERSITY OF PENNA TRUSTEES,881117800,matched,opa_license,1,1,0,0,0,1015,1015,opa_license,Pre-1950,,-75.2042,39.95626
414-24 S 48TH ST,19143,Olympic Tower Apartments,+1 215-536-3555,,,80,1925,4,31172,7194700,BERGER REAL ESTATE INVESTMENT INC,881117300,matched,opa_license,1,1,0,0,0,905,905,opa_license,Pre-1950,,-75.218812,39.952074
2600 WELSH RD,19152,Winchester Walk Apartments - Welsh Road,+1 215-692-6057,,,80,1960,2,57080,8470400,R3W INTERMEDIATE HOLDINGS LLC,881188000,matched,opa_license,1,0,1,0,0,1430,1430,opa_license,1950-1979,,-75.032614,40.07111
1136-48 N AMERICAN ST,19123,The Fountain Building,+1 267-682-6130,,,80,1885,4,67061,16881200,"FOUNTAIN BUILDING ASSOCIATES, LP",881006730,matched,opa_license,1,0,1,0,0,1475,1475,opa_license,Pre-1950,,-75.140922,39.968616
9115 ACADEMY RD,19136,Tolbut 4409,+1 267-376-7752,,,80,1965,3,54880,8693500,GORDON* MICHAEL,881194000,matched,opa_license,1,1,0,0,0,995,995,opa_license,1950-1979,,-75.009187,40.052954
1203 GERMANTOWN AVE,19122,G8ONE Apartment Building,+1 267-889-0038,,https://brynmawr.yourkwoffice.com,79,2017,4,99036,15691600,SMN P2 LLC,881006867,matched,opa_license,5,1,2,2,0,1493,2650,opa_license,2010-2019,rentcast_api,-75.140394,39.970414
2039 CHERRY ST,19103,The Sterling Apartment Homes,+1 814-559-4156,,,79,1920,5,23090,7925000,MOORE COLLEGE OF ART & DESIGN,881038210,matched,opa_license,0,,,,,,,opa_license,Pre-1950,,-75.173567,39.956827
1430 N 31ST ST,19121,The Hub at 31 Brewerytown,+1 267-419-7667,,,78,2019,5,54290,13996000,WESTRUM BT2 LP,881822816,matched,opa_license,9,3,2,4,0,1365,2400,opa_license,2010-2019,,-75.18661,39.978661
216 S 48TH ST,19139,Olympic Tower Apartments,+1 215-536-3555,,,78,1930,4,66336,8305100,MADISON AVENUE A LLC,881144025,matched,opa_license,0,,,,,,,opa_license,Pre-1950,,-75.218177,39.955245
6025 E ROOSEVELT BLVD,19149,Oakland Terrace,+1 215-853-6097,,,78,1963,3,72840,6904200,OAKLAND TERRACE 2012 LP,881222000,matched,opa_license,0,,,,,,,opa_license,1950-1979,,-75.076906,40.032756
10102 JAMISON AVE,19116,Lion's Gate Apartments,+1 215-791-8375,,,78,1980,6,58440,7608400,CENTER PARK HOUSE INC,881202600,matched,opa_license,0,,,,,,,opa_license,1980-1999,,-75.022367,40.100938
4605-11 CHESTER AVE,19143,University Court on Chester Apartments,+1 215-921-5486,,,77,1925,4,29960,8806500,"CHESTER PLAZA, LP",881117200,matched,opa_license,1,1,0,0,0,995,995,opa_license,Pre-1950,,-75.213381,39.946753
1300-20 E JOHNSON ST,19138,Stenton Garden Apartments,+1 215-267-4252,,,76,1951,2,65338,7216700,STENTON GARDEN APARTMENTS CH LLC,881094500,matched,opa_license,0,,,,,,,opa_license,1950-1979,,-75.167553,40.0594
3514-30 LANCASTER AVE,19104,Arrive University City,+1 888-910-2827,,https://www.jg-realestate.com,76,1870,4,71993,11434700,JAR HOLDINGS LLC,881111127,matched,opa_license,2,1,0,1,0,1550,1825,opa_license,Pre-1950,rentcast_api,-75.193276,39.957933
312-22 WALNUT ST,19106,The Ryland,+1 267-481-8961,,https://www.maxwellrealty.com,76,1915,7,82200,15886800,"312 WALNUT STREET ASSOCIATES, LP",881500150,matched,opa_license,2,0,2,0,0,2050,2265,opa_license,Pre-1950,rentcast_api,-75.147202,39.946971
6301-35 N 10TH ST,19141,Eola Park Apartments,+1 844-832-1485,,,76,1960,4,64700,5663300,REGENCY HOUSE ASSOCIATES,881150500,matched,opa_license,0,,,,,,,opa_license,1950-1979,,-75.135335,40.047716
6201-21 CRITTENDEN ST,19138,Stenton Garden Apartments,+1 215-267-4252,,,75,1951,3,43952,6834200,WASHINGTON LANE 2005 LP,881210000,matched,opa_license,1,1,0,0,0,900,900,opa_license,1950-1979,,-75.164614,40.057281
2120-34 N 63RD ST,19151,6300 CITY AVE,+1 267-885-2858,,,75,1925,5,65700,9351200,PENNBROOK APARTMENTS,881128200,matched,opa_license,0,,,,,,,opa_license,Pre-1950,,-75.250558,39.988814
2661-69 WILLITS RD,19114,Welshwood Apartments,+1 215-676-3440,,,75,1967,3,208761,22651100,A P WELSH LP,881191500,matched,opa_license,0,,,,,,,opa_license,1950-1979,,-75.027096,40.067651
2938 MIDVALE AVE,19129,Carlton Park Apartments,+1 267-297-7980,,,74,1958,2,72488,9734700,CARLTON PARK APARTMENTS LLC ,881083600,matched,opa_license,0,,,,,,,opa_license,1950-1979,,-75.180366,40.02155
601-07 CHURCH LN,19144,Penn Lee Apartments,+1 215-310-7333,,,74,1963,3,77145,7124600,CHURCH LANE LLC,881058000,matched,opa_license,0,,,,,,,opa_license,1950-1979,,-75.163899,40.041662
1300-54 N 2ND ST,19122,Ray Philly,+1 484-261-9372,,,72,2019,7,390773,59527000,"DWELL AT SECOND STREET, LLC",881006745,matched,opa_license,3,1,1,1,0,1600,3000,opa_license,2010-2019,,-75.139594,39.971702
1417 N 15TH ST,19121,The Greenery Apartments,+1 267-530-1047,,,72,2010,4,79937,11650800,CARLISLE STREET PARTNERS LP,881146105,matched,opa_license,0,,,,,,,opa_license,2010-2019,,-75.159957,39.975362
5300-30 CITY AVE,19131,Hardie House,,,,72,2004,5,108390,18615000,ST JOSEPH UNIVERSITY,881155420,matched,opa_license,0,,,,,,,opa_license,2000-2009,,-75.234419,39.996914
5001-23 ERRINGER PL,19144,Congress Hall Apartments,+1 267-335-5927,,,71,1960,3,59500,6512200,CONGRESS HALL 2004 LP,881065000,matched,opa_license,0,,,,,,,opa_license,1950-1979,,-75.171372,40.021335
1410 72ND AVE,19126,Mandela Apartments,+1 215-310-7333,,,70,1962,3,56192,5434500,FERNROCK APARTMENTS 2 LP,881054000,matched,opa_license,0,,,,,,,opa_license,1950-1979,,-75.140637,40.06259
6212 CHESTNUT ST,19139,Chestnut Park Apartments,+1 215-515-4012,,,70,1920,4,43520,5936000,BRIGHTON COURT LP,881004810,matched,opa_license,2,0,1,1,0,1097,1200,opa_license,Pre-1950,,-75.245803,39.960762
4101-03 SPRUCE ST,19104,Fairfax Apartments,+1 267-332-1996,,,70,1930,4,44900,6322100,UNIVERSITY CITY ASSOCIATES,881120900,matched,opa_license,1,1,0,0,0,965,965,opa_license,Pre-1950,,-75.205747,39.95246
549 MANHEIM ST,19144,Birchwood Hill Apartments,+1 215-310-7333,,,69,1948,,65000,2747800,M W MANOR LP,886603500,matched,opa_license,1,0,0,1,0,1395,1395,opa_license,Pre-1950,,-75.175096,40.020659
900-04 N 63RD ST,19151,Overbrook Lofts,+1 267-699-2424,,,69,1927,4,56626,9011200,BERGER REAL ESTATE INVESTMENT INC,881125720,matched,opa_license,1,1,0,0,0,1111,1111,opa_license,Pre-1950,,-75.246626,39.978474
6200-08 WAYNE AVE,19144,Wood Norton Apartment Homes,+1 855-850-9714,,,69,1950,5,71432,5819300,CLIVEDEN WAYNE ASSOCIATES,881211900,matched,opa_license,0,,,,,,,opa_license,1950-1979,,-75.186977,40.035947
1327-29 SPRUCE ST,19107,Westbury Apartments,+1 215-267-4027,,,69,1914,10,43080,13034400,MILESTONE APARTMENTS ASSOC LP,881014500,matched,opa_license,1,0,1,0,0,1360,1360,opa_license,Pre-1950,,-75.163934,39.947124
8225-29 E ROOSEVELT BLVD,19152,Pennypack Crossing,+1 877-879-5992,,,68,1959,3,35804,5968300,PARK CIRCLE ASSOCIATES LP,881230500,matched,opa_license,0,,,,,,,opa_license,1950-1979,,-75.042792,40.060289
7900 ALGON AVE,19111,Algon Flats Apartments,+1 215-712-8575,,,68,1974,3,63720,6452700,BARRY PLACE 2002 LP,881168500,matched,opa_license,0,,,,,,,opa_license,1950-1979,,-75.066133,40.064092
5000 WOODBINE AVE,19131,The Metropolitan Wynnefield,+1 888-468-3408,,,68,1953,4,78308,7797600,FAIRWAYS PLAZA INVESTORS LP,881155500,matched,opa_license,1,0,1,0,0,1145,1145,opa_license,1950-1979,,-75.226216,39.995054
6358 LANCASTER AVE,19151,The Elm on 63rd Street,+1 267-710-7589,,,67,1930,4,45500,8419800,"HANNAH RIBIAT, OFC MANAGER",881126100,matched,opa_license,0,,,,,,,opa_license,Pre-1950,,-75.250701,39.986299
1900 N 9TH ST,19122,Kardon/Atlantic Apartments,+1 215-236-8862,,,67,2012,4,159580,11583400,PASEO VERDE SOUTH APARTMENTS,881147295,matched,opa_license,0,,,,,,,opa_license,2010-2019,,-75.14899,39.981439
311 S JUNIPER ST,19107,1316 Pine Street Apartments,+1 267-432-7288,,,66,1923,10,80866,11874800,UNIVERSITY OF THE ARTS,881015550,matched,opa_license,1,1,0,0,0,1569,1569,opa_license,Pre-1950,,-75.163338,39.946157
700 W SOMERSET ST,19133,Dorado Village,+1 215-225-3511,,,66,1925,4,70200,1445400,700 SOMERSET PARTNERS LP,886604105,matched,opa_license,0,,,,,,,opa_license,Pre-1950,,-75.144173,39.99399
600-18 N 34TH ST,19104,Springline on 36th Apartments,+1 215-921-5486,,,66,2009,6,60557,6891600,MANTUA PRESBYTERIAN APTS INC,881812305,matched,opa_license,0,,,,,,,opa_license,2000-2009,,-75.192208,39.964307
1006 IVY HILL RD,19150,Laverock Place Apartments,+1 267-223-4288,,,66,1968,4,83286,7054200,LAVEROCK APTS 2007 LP,881155012,matched,opa_license,0,,,,,,,opa_license,1950-1979,,-75.185547,40.074268
801-23 VERNON RD,19119,Crittenden Manor Apartments,+1 215-842-2500,,,66,1960,3,57026,5848700,CRITTENDEN REALTY LLC,881210017,matched,opa_license,0,,,,,,,opa_license,1950-1979,,-75.176393,40.064598
315-33 E MOUNT AIRY AVE,19119,Sedgwick Station Apartments,+1 215-795-4390,,,66,1960,3,59725,6239300,MOUNT AIRY MANOR 2004 LP,881042600,matched,opa_license,1,0,1,0,0,1345,1345,opa_license,1950-1979,,-75.186672,40.064769
2121 GLENDALE AVE,19152,Northeast Apartments,+1 215-333-5522,,,66,1961,4,58893,6387300,NORTHEAST APARTMENT ASSOCIATION LP,881172000,matched,opa_license,0,,,,,,,opa_license,1950-1979,,-75.056969,40.055781
1216-18 WALNUT ST,19107,The Collins Apartments,+1 267-881-0177,,https://www.maxwellrealty.com,66,1915,12,65377,11655100,MIDTOWN ASSOCIATES,881011100,matched,opa_license,13,5,8,0,0,1240,1740,opa_license,Pre-1950,rentcast_api,-75.161499,39.948776
13451-57 PHILMONT AVE,19116,Hampton Gardens Apartments,+1 215-867-5116,,,66,1966,2,42944,8282700,HAMPTON GARDENS ASSOCIATES,881204500,matched,opa_license,1,1,0,0,0,1278,1278,opa_license,1950-1979,,-75.015829,40.131426
3900-46 WALNUT ST,19104,3939 Chestnut Street,+1 215-921-4061,,,65,2019,13,239760,132759800,ATTN: PAUL KILBRIDE,881822450,matched,opa_license,0,,,,,,,opa_license,2010-2019,,-75.201483,39.95333
229 ARCH ST,19106,The National Old City Apartments,+1 215-278-9885,,,65,1900,5,72300,17860600,"BERGER MASTER TENANT, LP",881000437,matched,opa_license,1,0,1,0,0,1725,1725,opa_license,Pre-1950,,-75.144385,39.952557
4200 MITCHELL ST,19128,The View at Manayunk,+1 215-267-5770,,,65,2008,,40360,770800,PENSDALE HOUSING INC,886802100,matched,opa_license,0,,,,,,,opa_license,2000-2009,,-75.212992,40.027953
7801 BUSTLETON AVE,19152,Northeast Apartments,+1 215-333-5522,,,65,1969,3,60272,6810500,NORTHEAST APARTMENT ASSOCIATION LP,881170500,matched,opa_license,0,,,,,,,opa_license,1950-1979,,-75.05313,40.055572
1800 N 20TH ST,19121,Jackie's Garden,+1 215-236-0738,,,65,1983,2,60850,7652300,C/O INTERSTATE REALTY,881551185,matched,opa_license,0,,,,,,,opa_license,1980-1999,,-75.167399,39.982245
4209 CHESTER AVE,19104,The Linden University City,+1 833-326-0240,,,65,1929,4,29900,6739000,EMERSON APARTMENT ASSOC,881117805,matched,opa_license,12,11,1,0,0,895,1095,opa_license,Pre-1950,,-75.208045,39.948847
7901 E ROOSEVELT BLVD,19152,Winchester Walk Apartments - Roosevelt Blvd,+1 215-692-6057,,,64,1954,2,39640,7079700,R3W INTERMEDIATE HOLDINGS LLC,881230305,matched,opa_license,2,0,1,1,0,1345,1725,opa_license,1950-1979,,-75.046846,40.055424
557 CHURCH LN,19144,Penn Lee Apartments,+1 215-310-7333,,,64,1964,3,56184,4963200,557 E CHURCH LANE LP,881057500,matched,opa_license,0,,,,,,,opa_license,1950-1979,,-75.164423,40.041025
3100 W THOMPSON ST,19121,The Hub at 31 Brewerytown,+1 267-419-7667,,,64,2014,3,65862,10552000,CS BREWERYTOWN ASSOCIATES LP,881070250,matched,opa_license,0,,,,,,,opa_license,2010-2019,,-75.187115,39.976614
7900-22 FAIRFIELD ST,19152,Winchester Walk Apartments - Roosevelt Blvd,+1 215-692-6057,,,64,1960,3,35604,4222700,FAIRFIELD APARTMENTS 2014 LP,881231001,matched,opa_license,0,,,,,,,opa_license,1950-1979,,-75.046378,40.0552
2101 N COLLEGE AVE,19121,Sharswood Crossing at 2016 Master,+1 267-489-1771,,,64,1915,2,60984,7207400,GIRARD COURT APARTMENTS LP,881070430,matched,opa_license,1,0,1,0,0,1110,1110,opa_license,Pre-1950,,-75.171194,39.975232
921-31 ELLSWORTH ST,19147,Birchwood at Cedars Village,+1 215-391-4089,,,64,2013,,71400,1222000,ST MARON HALL LP,886930205,matched,opa_license,0,,,,,,,opa_license,2010-2019,,-75.159411,39.935718
7701 BUSTLETON AVE,19152,Northeast Apartments,+1 215-333-5522,,,64,1963,3,64768,6642600,NORTHEAST APARTMENT ASSOCIATION LP,881170000,matched,opa_license,0,,,,,,,opa_license,1950-1979,,-75.054078,40.053996
115-25 N 32ND ST,19104,Avira,+1 215-392-9480,,,64,2000,7,108605,24601500,UNIVERSITY HOUSING,881822880,matched,opa_license,0,,,,,,,opa_license,2000-2009,,-75.187569,39.956869
622-32 W LEHIGH AVE,19133,Dorado Village,+1 215-225-3511,,,63,1983,3,60248,4316400,THE DORADO VENTURE,886608800,matched,opa_license,0,,,,,,,opa_license,1980-1999,,-75.143576,39.991677
732-72 N 49TH ST,19139,West Village,+1 215-877-7733,,,63,1950,2,50760,6737800,ASPEN VILLAGE LLC,886761020,matched,opa_license,1,0,0,1,0,1315,1315,opa_license,1950-1979,,-75.219028,39.965253
1325-37 N 15TH ST,19121,The Greenery Apartments,+1 267-530-1047,,https://houwzer.com/,63,2014,4,79980,7370600,NORTH 15TH STREET PARTNERS,881143208,matched,opa_license,1,0,0,1,0,1550,1550,opa_license,2010-2019,rentcast_api,-75.160224,39.974193
3480-90 W SCHOOL HOUSE LN,19129,The Grace Apartments,+1 484-573-6448,,,63,1960,2,96254,22997800,PHILADELPHIA UNIVERSITY,881451115,matched,opa_license,0,,,,,,,opa_license,1950-1979,,-75.195428,40.015026
319 W CHELTEN AVE,19144,Hathaway House Apartments,+1 267-697-5641,,,62,1903,5,53900,5474400,"DELMAR MORRIS INVESTMENTS, LLC",881210700,matched,opa_license,9,2,6,1,0,1000,1500,opa_license,Pre-1950,,-75.18169,40.029724
1515-27 W ALLEGHENY AVE,19132,Temple Lofts,+1 215-315-7048,,,62,1914,5,14736,4167200,ST JOSEPH'S AFFORDABLE HOUSING LP,881042315,matched,opa_license,0,,,,,,,opa_license,Pre-1950,,-75.155513,40.002446
3000 MASTER ST,19121,The Hub at 31 Brewerytown,+1 267-419-7667,,,62,1947,2,277692,24408900,PENNROSE MANAGEMENT CO AGT,881070310,matched,opa_license,2,1,0,1,0,1495,1863,opa_license,Pre-1950,,-75.185383,39.977252
901 W CHAMPLOST AVE,19141,Academia Suites Apartments,+1 844-749-8802,,,62,1962,3,51728,3846000,DB CHAMPLOST LP,881149000,matched,opa_license,0,,,,,,,opa_license,1950-1979,,-75.135307,40.043796
315 W JOHNSON ST,19144,Wood Norton Apartment Homes,+1 855-850-9714,,,62,2010,,57209,1184400,NEWCOURTLAND APARTMENTS AT CLIVEDEN LP,886761616,matched,opa_license,0,,,,,,,opa_license,2010-2019,,-75.188448,40.0406
2125 S 70TH ST,19142,Paschal Housing,+1 215-220-2080,,,62,2009,4,46656,6662300,PHILA PRESBYTERY HOMES INC AGT,881450720,matched,opa_license,0,,,,,,,opa_license,2000-2009,,-75.241546,39.921194
1623-35 CHELTEN AVE,19126,Oak Lane Court Apartments,+1 215-224-3335,,,62,1930,3,43686,4275000,OAK LANE COURT REALTY CO LP,881210760,matched,opa_license,1,0,1,0,0,1100,1100,opa_license,Pre-1950,,-75.146542,40.051333
4417 PINE ST,19104,Fairfax Apartments,+1 267-332-1996,,,62,1950,5,26588,5852900,NEW HORIZON WEST I LP,881122701,matched,opa_license,1,1,0,0,0,1050,1050,opa_license,1950-1979,,-75.211618,39.952031
2804-18 N WOODSTOCK ST,19132,Woodstock Mutual Homes,+1 215-228-2920,,,62,1981,3,49800,5658200,WOODSTOCK COOPERATIVE,886602000,matched,opa_license,0,,,,,,,opa_license,1980-1999,,-75.164538,39.997518
1419 W GRANGE AVE,19141,Eli Court,+1 267-930-1269,,http://www.plusrealtors.com,61,2023,4,38740,5062900,PHILLY GARDENS REALTY CORP,881076300,matched,opa_license,1,0,1,0,0,1425,1425,opa_license,2020+,rentcast_api,-75.1453,40.041562
6312 SHERWOOD RD,19151,The Elm on 63rd Street,+1 267-710-7589,,,61,1930,4,42656,7594600,"HANNAH RIBIAT, OFC MANAGER",881125600,matched,opa_license,0,,,,,,,opa_license,Pre-1950,,-75.251198,39.986094
412-26 S 13TH ST,19147,1316 Pine Street Apartments,+1 267-432-7288,,https://www.ocfrealty.com,61,1920,5,60000,14587500,WAVERLY COURT LLC ,881010005,matched,opa_license,16,6,10,0,0,1595,2375,opa_license,Pre-1950,rentcast_api,-75.163304,39.94475
7100 GROVERS AVE,19153,Unico Village Senior Apartments,+1 215-365-1828,,,61,2014,,56857,1146800,HELP PA IV LP,886617150,matched,opa_license,0,,,,,,,opa_license,2010-2019,,-75.235605,39.911558
1300-06 CHESTNUT ST,19107,The Collins Apartments,+1 267-881-0177,,https://www.maxwellrealty.com,61,1907,10,111402,14090800,LA 1300 CHESTNUT ST PARTNER LP,881302050,matched,opa_license,8,0,6,2,0,1635,2235,opa_license,Pre-1950,rentcast_api,-75.162062,39.950408
5319-25 MASTER ST,19131,,,,,61,1982,3,47360,4662900,SIMPSON FLETCHER CONESTOGA HOUSE,881450840,none,opa_license,0,,,,,,,opa_license,1980-1999,,-75.229004,39.974355
8216-28 FRANKFORD AVE,19136,Creekview Terrace,+1 267-219-8245,,,60,1960,3,33388,6557500,FRANKFORD HOLDINGS 2004 LP,881231801,matched,opa_license,0,,,,,,,opa_license,1950-1979,,-75.023159,40.043706
430 MANHEIM ST,19144,Willow Court Apartments,+1 215-310-7333,,,60,1948,,44400,2364800,M W MANOR LP,886603700,matched,opa_license,0,,,,,,,opa_license,Pre-1950,,-75.172068,40.022166
630-50 W FISHER AVE,19120,Olney Plaza Apartments,+1 215-914-3100,,,60,1960,3,42429,4573900,"LINDY-OLNEY, LP",881066801,matched,opa_license,1,0,1,0,0,1025,1025,opa_license,1950-1979,,-75.13473,40.031706
6610-20 N 8TH ST,19126,Oak Lynne Apartments,+1 267-331-5802,,,60,1920,4,41600,4563000,OAK LYNNE LLC,881149600,matched,opa_license,1,0,1,0,0,895,895,opa_license,Pre-1950,,-75.132435,40.052854
1329-39 LOMBARD ST,19147,1316 Pine Street Apartments,+1 267-432-7288,,https://www.maxwellrealty.com,60,1895,6,57320,10766300,PMC JUNIPER EAST INVESTOR LLC,881008500,matched,opa_license,7,0,6,1,0,1545,2445,opa_license,Pre-1950,rentcast_api,-75.164297,39.944754
4624-42 WALNUT ST,19139,"Manor Flats off Sansom, University City, Philly, New Luxury Apartment Rentals",+1 732-351-2567,,,60,1913,3,37000,1500600,MIDTOWN PLAZA APARTMENTS LIMITED ,881145100,matched,opa_license,0,,,,,,,opa_license,Pre-1950,,-75.215178,39.955405
4712 LEIPER ST,19124,Grand Leiper Apartments,+1 866-488-3650,,,60,1940,2,38730,4513900,GRAND LEIPER LP,881105500,matched,opa_license,1,0,1,0,0,1022,1022,opa_license,Pre-1950,,-75.086764,40.018978
2600 W SUSQUEHANNA AVE,19121,,,,,60,1972,4,52556,2274800,THOMAS L BALDWIN SENIOR HOUSING LP,886741500,none,opa_license,0,,,,,,,opa_license,1950-1979,,-75.176725,39.988705
4840 LEIPER ST,19124,Grand Leiper Apartments,+1 866-488-3650,,,60,1920,4,31750,5426100,CARVER HALL REALTY INC,881106000,matched,opa_license,0,,,,,,,opa_license,Pre-1950,,-75.084748,40.020124
1500-14 N 15TH ST,19121,The Greenery Apartments,+1 267-530-1047,,,60,1982,4,68360,5576700,1500 NORTH 15TH ST ASSOC LP,881299040,matched,opa_license,0,,,,,,,opa_license,1980-1999,,-75.160518,39.976395
5524-60 HAVERFORD AVE,19139,Haverford Apartments,+1 215-712-8580,,,60,1992,5,50000,6049200,OPPORTUNITIES FOR THE AGING,881450830,matched,opa_license,0,,,,,,,opa_license,1980-1999,,-75.231329,39.966909
5200-30 CITY AVE,19131,101 City Ave Apt,+1 610-668-3890,,,60,2004,5,87598,12165700,ST JOSEPH UNIVERSITY,881155410,matched,opa_license,0,,,,,,,opa_license,2000-2009,,-75.233558,39.997462
259 MARKET ST,19106,The National Old City Apartments,+1 215-278-9885,,https://www.ocfrealty.com,59,2015,5,50172,16478300,259 MARKET PARTNERS LP,881007026,matched,opa_license,12,5,6,1,0,1585,3254,opa_license,2010-2019,rentcast_api,-75.145198,39.950431
236 W THOMPSON ST,19122,G8ONE Apartment Building,+1 267-889-0038,,https://brynmawr.yourkwoffice.com,59,2017,5,58895,9955000,LIBERTY SQUARE APARTMENTS LLC,881006866,matched,opa_license,2,0,1,1,0,1862,2512,opa_license,2010-2019,rentcast_api,-75.140203,39.970939
2450 HARTEL AVE,19152,Winchester Walk Apartments - Roosevelt Blvd,+1 215-692-6057,,,59,1963,2,50000,4924000,BRADFORD RYAN 96 ASSOC LP,881173000,matched,opa_license,0,,,,,,,opa_license,1950-1979,,-75.051794,40.053202
4701-23 WALNUT ST,19139,"Manor Flats off Sansom, University City, Philly, New Luxury Apartment Rentals",+1 732-351-2567,,,59,1925,4,64332,9199100,DELANCEY VERONA PLAZA LLC,881215700,matched,opa_license,2,2,0,0,0,995,995,opa_license,Pre-1950,,-75.216133,39.956061
4529-33 SPRUCE ST,19139,"Manor Flats off Sansom, University City, Philly, New Luxury Apartment Rentals",+1 732-351-2567,,,59,1930,4,24550,4523700,NEIGBORHOOD PRESERVATION & DEV FUND,881145600,matched,opa_license,0,,,,,,,opa_license,Pre-1950,,-75.213528,39.953365
7205-15 RISING SUN AVE,19111,Regency Park Apartments,+1 877-506-6356,,,59,1927,5,54300,10306800,OXFORD TOWER APARTMENTS LP,881132010,matched,opa_license,3,0,2,1,0,1245,1445,opa_license,Pre-1950,,-75.085065,40.059607
24-30 BANK ST,19106,Chancery Lane Apartments,+1 267-499-4887,,,59,1855,5,59000,10658600,SOUTH BANK STREET,881007600,matched,opa_license,8,8,0,0,0,1400,1600,opa_license,Pre-1950,,-75.145442,39.949068
1133-49 E MOUNT AIRY AVE,19150,Stenton Plaza Apartments,+1 215-866-2078,,,59,1966,4,50585,5449000,ANDOVER COURT APARTMENTS LP,881153700,matched,opa_license,1,0,1,0,0,1140,1140,opa_license,1950-1979,,-75.177859,40.073417
1051-61 EASTON RD,19150,Stenton Plaza Apartments,+1 215-866-2078,,,59,1960,3,37430,5151300,STENTON ASSOCIATES,881154000,matched,opa_license,0,,,,,,,opa_license,1950-1979,,-75.179781,40.072235
6367-73 LANCASTER AVE,19151,6300 CITY AVE,+1 267-885-2858,,,58,1940,4,48924,6875000,LINCOLN COURT REALTY LLC,881128000,matched,opa_license,0,,,,,,,opa_license,Pre-1950,,-75.251875,39.98771
3907-15 SPRUCE ST,19104,Luna on Pine,+1 888-609-1171,,,58,1970,4,76300,14587200,ATTN: PAUL KILBRIDE,881822560,matched,opa_license,0,,,,,,,opa_license,1950-1979,,-75.202413,39.952297
4710 LOCUST ST,19139,Olympic Tower Apartments,+1 215-536-3555,,,58,1928,4,48047,4200000,DORSETT COURT REALTY CO L,881143805,matched,opa_license,0,,,,,,,opa_license,Pre-1950,,-75.217057,39.954462
230-42 N 57TH ST,19139,Mt Carmel Garden Apartments,+1 215-474-1888,,,58,1991,5,39000,4881300,ST MATTHEW HOUSING DEV INC,881155939,matched,opa_license,0,,,,,,,opa_license,1980-1999,,-75.234381,39.965468
920 W SPENCER AVE,19141,Stevenson Terrace Apartments,+1 215-548-5737,,,57,1965,4,62895,4125700,FERNROCK APARTMENTS 2 LP,881150800,matched,opa_license,0,,,,,,,opa_license,1950-1979,,-75.135437,40.044501
921 TYSON AVE,19111,Tyson Arms,+1 215-310-7333,,,57,1950,3,34254,6149100,TYSON AVENUE ASSOCIATES,881163200,matched,opa_license,1,0,1,0,0,1295,1295,opa_license,1950-1979,,-75.079593,40.052384
410-26 MEMPHIS ST,19125,The Chesterman Building,+1 215-701-9110,,,57,1900,,64960,7725100,"CHESTERMAN DEVELOPMENT, LP",881068611,matched,opa_license,4,1,2,1,0,1425,2375,opa_license,Pre-1950,,-75.131816,39.974078
1901 HARTRANFT ST,19145,Bella Vita Apartments,,,,57,1962,3,48593,6689400,DELANCEY PACKER PARK ASSOCIATES LP,881115000,matched,opa_license,1,0,1,0,0,1450,1450,opa_license,1950-1979,,-75.181287,39.90943
7040 OXFORD AVE,19111,Oxford Towers Apartments,+1 814-517-7480,,,57,1960,2,31828,5458400,NORTH AMERICAN BAPTIST HOME,881449600,matched,opa_license,4,2,2,0,0,1000,1750,opa_license,1950-1979,,-75.086575,40.057036
973 N 7TH ST,19123,The Poplar,+1 215-839-1040,,,57,2008,,59095,1052800,CYBER VILLAGE L.P.,886904200,matched,opa_license,0,,,,,,,opa_license,2000-2009,,-75.148036,39.969548
4418-22 SPRUCE ST,19104,Fairfax Apartments,+1 267-332-1996,,,57,1928,3,75644,10638900,4418 SPRUCE STREET ASSOC LP,881122000,matched,opa_license,1,0,1,0,0,1225,1225,opa_license,Pre-1950,,-75.21179,39.952497
7801 ALGON AVE,19111,Algon Flats Apartments,+1 215-712-8575,,,57,1966,4,61876,5362600,NORTHEAST APARTMENT ASSOCIATION LP,881169000,matched,opa_license,0,,,,,,,opa_license,1950-1979,,-75.066076,40.06234
2659 WATERLOO ST,19133,Kensington Townhouses,+1 215-634-7488,,,57,1979,2,10449,1257600,LEVITT MICHAEL,881171745,matched,opa_license,0,,,,,,,opa_license,1950-1979,,-75.132313,39.990696
4601-03 CHESTER AVE,19143,University Court on Chester Apartments,+1 215-921-5486,,,56,1930,3,30000,5864900,NEW HORIZONS WEST LANE LLC,881117150,matched,opa_license,1,0,1,0,0,1150,1150,opa_license,Pre-1950,,-75.213128,39.94693
4311-15 SPRUCE ST,19104,Fairfax Apartments,+1 267-332-1996,,,56,1930,4,24660,6098400,4311 SPRUCE STREET LP,881122100,matched,opa_license,1,1,0,0,0,1145,1145,opa_license,Pre-1950,,-75.209685,39.952911
8231-39 FRANKFORD AVE,19136,Creekview Terrace,+1 267-219-8245,,,56,1972,4,26400,6210800,FRANKFORD HOLDINGS 2004 LP,881232502,matched,opa_license,9,0,8,1,0,1215,1545,opa_license,1950-1979,,-75.022263,40.042994
1116-30 E MOUNT AIRY AVE,19150,Stenton Plaza Apartments,+1 215-866-2078,,,56,1962,3,53604,5459500,WADSWORTH MANOR PARTNERS L P,881153500,matched,opa_license,0,,,,,,,opa_license,1950-1979,,-75.177532,40.072498
1100-14 E MOUNT AIRY AVE,19150,Stenton Plaza Apartments,+1 215-866-2078,,,56,1962,3,53604,5459500,WADSWORTH MANOR PARTNERS L P,881153000,matched,opa_license,0,,,,,,,opa_license,1950-1979,,-75.177975,40.072051
1508 W ALLEGHENY AVE,19132,Temple Lofts,+1 215-315-7048,,,56,1927,4,58354,1377600,EDGEWOOD APTS LP,886602600,matched,opa_license,1,0,0,1,0,1559,1559,opa_license,Pre-1950,,-75.155224,40.001384
6312-18 CITY AVE,19151,6300 CITY AVE,+1 267-885-2858,,,56,1925,5,65325,6971400,"6300 CITY LINE DP PARTNERS, LP",881125654,matched,opa_license,1,0,1,0,0,1419,1419,opa_license,Pre-1950,,-75.251043,39.989205
7998 OXFORD AVE,19111,Fox Chase Gardens,+1 215-779-4815,,,56,1962,3,46368,4500000,GALMAN COVENTRY 2015 LP_,881224905,matched,opa_license,0,,,,,,,opa_license,1950-1979,,-75.086767,40.077834
1835 JOHNSTON ST,19145,Oregon Arms,,,,56,1962,3,40111,6062800,DELANCEY OREGON ASSOCIATES LP,881114500,matched,opa_license,1,0,0,1,0,1395,1395,opa_license,1950-1979,,-75.179103,39.916876
1010 N HANCOCK ST,19123,The Piazza,+1 215-613-9619,,,56,1920,5,99500,14095000,1010 NORTH HANCOCK PARTNERS LP,881006605,matched,opa_license,0,,,,,,,opa_license,Pre-1950,,-75.139604,39.965743
5201-03 WAYNE AVE,19144,Enon-Toland Apartments,+1 215-843-9823,,,56,1925,4,29986,4180100,PENN PROPERTIES INC,881059020,matched,opa_license,1,1,0,0,0,825,825,opa_license,Pre-1950,,-75.170901,40.0276
7409-15 OXFORD AVE,19111,Downing Apartments,+1 267-518-8355,,,56,1964,3,39400,5385700,OXFORD MANOR 2002 LP,881224505,matched,opa_license,0,,,,,,,opa_license,1950-1979,,-75.082703,40.064419
1822 BENTON AVE,19152,Benton Court Apartments by 3Q Property Management,+1 267-200-8384,,,55,1972,3,44376,5393800,BENTON COURT HOLDINGS LP,881176500,matched,opa_license,2,0,1,1,0,1349,1645,opa_license,1950-1979,,-75.046811,40.07523
714-18 RHAWN ST,19111,Gail Court Apartments,+1 215-712-8865,,,55,1970,2,32766,5213400,COLUMBUS PROPERTY MANAGEMENT,881224211,matched,opa_license,0,,,,,,,opa_license,1950-1979,,-75.078709,40.074068
4920-50 CITY AVE,19131,Bala Apartments,+1 267-805-5211,,,55,1910,4,48000,6816400,MICHAEL WOODWARD AGT,881155400,matched,opa_license,0,,,,,,,opa_license,Pre-1950,,-75.227464,40.000234
5008 MCKEAN AVE,19144,Germantown Apartments,+1 267-227-1073,,,55,1961,3,56645,4920600,HAMPSHIRE CH APARTMENTS LLC,881064600,matched,opa_license,0,,,,,,,opa_license,1950-1979,,-75.171089,40.021997
7922-36 BARNES ST,19111,Fox Chase Gardens,+1 215-779-4815,,,55,1960,3,44046,4944400,FOX CHASE PLACE APARTMENTS,881224000,matched,opa_license,0,,,,,,,opa_license,1950-1979,,-75.086085,40.075993
51-55 N 3RD ST,19106,The National Old City Apartments,+1 215-278-9885,,,55,1845,5,51390,10949500,BRANDYWINE CONST & MANAGE INC,881006535,matched,opa_license,1,0,1,0,0,1785,1785,opa_license,Pre-1950,,-75.144872,39.951742
1615 N 23RD ST,19121,The Haven Lofts,+1 267-734-0741,,,55,1998,5,47470,6602500,HAVEN PENIEL DEVELOPMENT CORPORATION,881701245,matched,opa_license,0,,,,,,,opa_license,1980-1999,,-75.172216,39.979771
705-15 CHURCH LN,19144,Penn Lee Apartments,+1 215-310-7333,,,54,1968,3,41430,5200300,715 E. CHURCH LANE LLC,881058100,matched,opa_license,1,0,1,0,0,1095,1095,opa_license,1950-1979,,-75.162722,40.042566
6922-30 N BROAD ST,19126,Bromley House Apartments,+1 844-231-1823,,,54,1964,3,45900,3983100,BROADMOORE 2004 LP,881053000,matched,opa_license,2,0,1,1,0,1200,1475,opa_license,1950-1979,,-75.140817,40.059344
1522-38 N 15TH ST,19121,The Greenery Apartments,+1 267-530-1047,,,54,2004,2,36000,12815900,RISE MANAGEMENT,881146246,matched,opa_license,0,,,,,,,opa_license,2000-2009,,-75.160349,39.977096
3817-39 MARKET ST,19104,The Chestnut,+1 833-876-4829,,,54,1960,6,56784,10101900,RALSTON MERCY DOUGLASS HOUSE,881822820,matched,opa_license,0,,,,,,,opa_license,1950-1979,,-75.199174,39.957217
4301-09 SPRUCE ST,19104,Fairfax Apartments,+1 267-332-1996,,,54,1926,4,35260,5871800,UNIVERSITY CITY HOUSING ASSOCIATES,881121900,matched,opa_license,0,,,,,,,opa_license,Pre-1950,,-75.209437,39.952881
4100 LONGSHORE AVE,19135,Longshore Apartments,+1 215-310-7333,,,53,1950,3,36310,7256400,LONGSHORE HOLDINGS LLC,881166000,matched,opa_license,0,,,,,,,opa_license,1950-1979,,-75.048518,40.032176
1821-45 E HAGERT ST,19125,Hagert and York,+1 445-264-2150,,,53,1910,5,55500,9393000,HAGERT STREET LOFTS LP,881069200,matched,opa_license,1,0,1,0,0,1301,1301,opa_license,Pre-1950,,-75.129926,39.986315
6615-35 CHARLES ST,19135,Mayfair Garden Apartments,+1 267-459-3882,,,53,1956,3,32076,4828500,CHARLES MAYFAIR ENTERPRISES LP,881166500,matched,opa_license,0,,,,,,,opa_license,1950-1979,,-75.053031,40.029815
173-83 W ALLEGHENY AVE,19133,Hancock Manor,+1 215-425-4150,,,53,1945,5,55113,4785400,CASA CARIBE INC,881448410,matched,opa_license,0,,,,,,,opa_license,Pre-1950,,-75.132343,39.999462
2237 BRYN MAWR AVE,19131,The Dane,+1 267-805-6499,,,53,1960,3,44238,5588300,WESTFIELD PARTNERS,881155900,matched,opa_license,1,1,0,0,0,999,999,opa_license,1950-1979,,-75.226123,39.99217
303 VINE ST,19106,The Keystone Apartments,+1 215-964-9924,,https://www.pennhunter.com,52,1901,5,63000,8804700,ORIANNA HISTORIC ASSOCS,881006325,matched,opa_license,2,0,2,0,0,1825,1825,opa_license,Pre-1950,rentcast_api,-75.144969,39.956199
445 W SCHOOL HOUSE LN,19144,The Avenue at East Falls,+1 888-516-3223,,https://www.baymgmtgroup/philadelphia,52,1928,4,20157,4511100,RG QUAKER CLOVERLY LP,881058200,matched,opa_license,3,0,3,0,0,1250,1295,opa_license,Pre-1950,rentcast_api,-75.181056,40.026637
740 VERNON RD,19119,Crittenden Manor Apartments,+1 215-842-2500,,,52,1927,5,40104,5093800,METAL GROUP INC,881210010,matched,opa_license,0,,,,,,,opa_license,Pre-1950,,-75.176081,40.06339
247-49 S JUNIPER ST,19107,The Collins Apartments,+1 267-881-0177,,https://accessphilly.com,52,1925,10,25200,5534000,JUNIPER PARTNERS,881015500,matched,opa_license,10,10,0,0,0,1125,1575,opa_license,Pre-1950,rentcast_api,-75.163389,39.94752
229 N 34TH ST,19104,Vue 32,+1 267-641-8054,,,52,1925,4,16434,13331900,ATTN:  UNIVERSITY HOUSING,881822860,matched,opa_license,0,,,,,,,opa_license,Pre-1950,,-75.19046,39.95995
5915 MAGNOLIA ST,19144,Magnolia Mews Apartments,,,,51,1971,3,32274,5206400,MAGNOLIA MEWS LTD PARTNERSHIP,886660800,matched,opa_license,0,,,,,,,opa_license,1950-1979,,-75.17083,40.045033
2771-77 RUTH ST,19134,Orinoka Civic House,+1 215-278-2615,,,51,1920,5,70309,1182600,"ORINOKA MILLS,  L.P.",886666100,matched,opa_license,0,,,,,,,opa_license,Pre-1950,,-75.122629,39.990341
1201 S 23RD ST,19146,Landreth Venture,,,,51,1897,,66619,3540800,LANDRETH MANAGEMENT PARTNERS LP,886650200,matched,opa_license,3,0,3,0,0,1960,1960,opa_license,Pre-1950,,-75.181201,39.937747
8410 BUSTLETON AVE,19152,,,,,51,1966,3,43069,5365700,TUSTIN APARTMENTS LP,881184300,none,opa_license,3,0,2,1,0,1275,1450,opa_license,1950-1979,,-75.050588,40.070329
5231 OXFORD AVE,19124,Oxford Avenue Apartments LP,+1 215-289-1905,,,50,1961,2,32040,4769800,OXFORD AVENUE APT LP,881221000,matched,opa_license,0,,,,,,,opa_license,1950-1979,,-75.084304,40.027103
1415-37 N 31ST ST,19121,The Hub at 31 Brewerytown,+1 267-419-7667,,,50,2017,4,38500,7152700,WESTRUM BT2 LP,881070360,matched,opa_license,0,,,,,,,opa_license,2010-2019,,-75.185462,39.978521
1201-49 RHAWN ST,19111,Parkview Manor Apartments,+1 215-779-4815,,,50,1962,2,45000,5697500,PARKVIEW MANOR APARTMENTS LP,881228000,matched,opa_license,1,0,0,1,0,1695,1695,opa_license,1950-1979,,-75.068965,40.069818
1221-31 S BROAD ST,19147,"1200 Manor Residence, Philadelphia Apartment Rentals",+1 732-351-2567,,https://www.myphillynest.com,50,2014,6,76786,11373000,727 S. 19TH STREET LP,881133080,matched,opa_license,2,0,1,1,0,2045,2475,opa_license,2010-2019,rentcast_api,-75.166865,39.934676
3018-44 W THOMPSON ST,19121,The Hub at 31 Brewerytown,+1 267-419-7667,,,50,2016,4,49282,7749800,CSW1A BREWERYTOWN LP,881070240,matched,opa_license,0,,,,,,,opa_license,2010-2019,,-75.18582,39.97634
1413 GERMANTOWN AVE,19122,Ray Philly,+1 484-261-9372,,,50,2018,6,64026,11183700,1413 GERMANTOWN LLC,881078512,matched,opa_license,0,,,,,,,opa_license,2010-2019,,-75.141123,39.973056
3101-27 W GLENWOOD AVE,19121,The Hub at 31 Brewerytown,+1 267-419-7667,,,50,1922,6,72000,5383900,BREWERYTOWN PYRAMID BUILDING PARTNERS ,881070265,matched,opa_license,1,1,0,0,0,1275,1275,opa_license,Pre-1950,,-75.186163,39.980593
1401-09 GERMANTOWN AVE,19122,Ray Philly,+1 484-261-9372,,,50,1950,4,63000,9712300,1401 GERMANTOWN AVE LP ,881078510,matched,opa_license,0,,,,,,,opa_license,1950-1979,,-75.141026,39.972778
6100 N 17TH ST,19141,Godfrey Arms,+1 267-609-9202,,,50,1931,3,41219,3167300,"JJY PROPERTY MANAGEMENT 2, LLC",881071200,matched,opa_license,0,,,,,,,opa_license,Pre-1950,,-75.14838,40.046564
7525 DEVON ST,19119,Canterbury Apartments,+1 215-458-5691,,,50,1965,3,47714,4359300,WOOD BROOK LANE ASSOCIATES LLC,881045500,matched,opa_license,0,,,,,,,opa_license,1950-1979,,-75.192938,40.067582
1807-25 RHAWN ST,19111,Rhawn Terrace,,,,50,1964,4,36367,5511000,RHAWN TERRACE 2002 LP,881174000,matched,opa_license,0,,,,,,,opa_license,1950-1979,,-75.058734,40.063899
4301 RIDGE AVE,19129,The Anchorage on Kelly,+1 855-919-1935,,,50,2006,,211508,23762800,RIDGE AVENUE HOUSING LP,886761710,matched,opa_license,0,,,,,,,opa_license,2000-2009,,-75.19684,40.010438
4649 PAUL ST,19124,Grand Leiper Apartments,+1 866-488-3650,,,50,1975,4,42120,4224400,WESLEY ENHANCED LIVING,881299380,matched,opa_license,0,,,,,,,opa_license,1950-1979,,-75.083619,40.015273
4807-61 WESTMINSTER AVE,19131,West Village,+1 215-877-7733,,,50,1900,,152212,3612000,HELP PHILADELPHIA II ASSOC.,886810661,matched,opa_license,0,,,,,,,opa_license,Pre-1950,,-75.21893,39.969478
6748-88 BLAKEMORE ST,19119,Sedgwick Station Apartments,+1 215-795-4390,,,49,1949,2,29700,4494300,BLAKEMORE APTS 2006 LP,881098075,matched,opa_license,1,0,0,1,0,1325,1325,opa_license,Pre-1950,,-75.180543,40.060692
3232 HENRY AVE,19129,The Preston at Falls Center,+1 215-508-2212,,,49,1956,3,82300,676800,"NEWCOURTLAND APARTMENTS AT HENRY AVENUE, LP",886670200,matched,opa_license,1,0,1,0,0,1499,1499,opa_license,1950-1979,,-75.182251,40.009751
3232 HENRY AVE,19129,The Preston at Falls Center,+1 215-508-2212,,,49,1950,11,249388,30759000,"NEWCOURTLAND APARTMENTS AT HENRY AVENUE, LP",886670500,matched,opa_license,0,,,,,,,opa_license,1950-1979,,-75.182251,40.009751
1321-23 SPRUCE ST,19107,Westbury Apartments,+1 215-267-4027,,,49,1926,8,37481,8085700,BURLINGTON HOUSE,881014000,matched,opa_license,3,0,3,0,0,1000,1200,opa_license,Pre-1950,,-75.163722,39.947097
423 W CHELTEN AVE,19144,Hathaway House Apartments,+1 267-697-5641,,,49,1929,4,24000,3488100,OH BEL AIR PARTNERS LP,881210800,matched,opa_license,0,,,,,,,opa_license,Pre-1950,,-75.182581,40.028666
1801 N 20TH ST,19121,The Berks,+1 267-498-0799,,,49,1983,2,42464,5063800,C/O INTERSTATE REALTY,881551180,matched,opa_license,0,,,,,,,opa_license,1980-1999,,-75.16655,39.982037
1601-25 E MOUNT AIRY AVE,19150,Mt. Airy Place,+1 844-496-8564,,,49,1953,4,38067,3958300,MT AIRY ARMS APTS,881151501,matched,opa_license,0,,,,,,,opa_license,1950-1979,,-75.171094,40.080113
5100 WALNUT ST,19139,Olympic Tower Apartments,+1 215-536-3555,,https://attheharper.foxroach.com,48,1911,4,34600,3273700,WILSON LARRY,881215410,matched,opa_license,1,0,1,0,0,1150,1150,opa_license,Pre-1950,rentcast_api,-75.223833,39.956431
1200-06 WASHINGTON AVE,19147,"1200 Manor Residence, Philadelphia Apartment Rentals",+1 732-351-2567,,,48,2016,5,37420,9347200,CSW 1200 WASHINGTON AVENUE LP,881571206,matched,opa_license,1,0,1,0,0,1350,1350,opa_license,2010-2019,,-75.163352,39.937108
4524-38 WALNUT ST,19139,"Manor Flats off Sansom, University City, Philly, New Luxury Apartment Rentals",+1 732-351-2567,,,48,1920,4,67918,8012700,SIGNATURE COMMUNITY MNGMT(AGT),881145200,matched,opa_license,1,0,1,0,0,1325,1325,opa_license,Pre-1950,,-75.213255,39.95517
3514-16 SPRING GARDEN ST,19104,Springline on 36th Apartments,+1 215-921-5486,,,48,1928,3,23190,4407700,DONATUCCI THOMAS,881108170,matched,opa_license,1,1,0,0,0,1185,1185,opa_license,Pre-1950,,-75.193789,39.962442
726-28 MARKET ST,19106,The Ledger Residences by Sosuite - Old City,+1 833-533-4371,,,48,1900,9,69120,11162400,MARKET STREET APARTMENT ASSOCIATES LLC,881012035,matched,opa_license,0,,,,,,,opa_license,Pre-1950,,-75.153172,39.950722
2525 WELSH RD,19114,Winchester Walk Apartments - Welsh Road,+1 215-692-6057,,,48,1986,2,54000,5696700,STONEYWOOD TERRACE APARTMENTS LP,881189450,matched,opa_license,0,,,,,,,opa_license,1980-1999,,-75.029814,40.069983
9401 ASHTON RD,19114,Sandalwood Apartments,+1 215-676-4169,,,48,1970,3,38400,4503000,WOODBRIDGE MEWS ASSOCIATES LP,881193000,matched,opa_license,0,,,,,,,opa_license,1950-1979,,-75.017916,40.066528
1612-26 N 15TH ST,19121,Oxford Village Apartments,+1 215-765-3134,,,48,1925,3,33000,12050100,RISE MANAGEMENT,881146249,matched,opa_license,0,,,,,,,opa_license,Pre-1950,,-75.160039,39.978266
4838-60 PINE ST,19143,Olympic Tower Apartments,+1 215-536-3555,,,48,1925,5,35368,5330700,NPDF PINE ASSOCIATES LP,881143920,matched,opa_license,0,,,,,,,opa_license,Pre-1950,,-75.219892,39.952516
7801 LANGDON ST,19111,Algon Flats Apartments,+1 215-712-8575,,,48,1969,4,49185,3787400,NORTHEAST APARTMENT ASSOCIATION LP,881169500,matched,opa_license,0,,,,,,,opa_license,1950-1979,,-75.065175,40.062048
6731 MUSGRAVE ST,19119,Neighborly Living LLC.,+1 215-991-6000,,,48,1950,3,32976,3114700,SIMON GARDEN REALTY CORP,881210020,matched,opa_license,1,0,1,0,0,825,825,opa_license,1950-1979,,-75.18361,40.055178
3601-03 POWELTON AVE,19104,ANOVA uCity Square,+1 267-463-2920,,,48,1920,4,35600,4833200,DREXEL UNIVERSITY,881822590,matched,opa_license,4,3,1,0,0,1020,1399,opa_license,Pre-1950,,-75.194051,39.960217
33 ROUMFORT RD,19119,Canterbury Apartments,+1 215-458-5691,,,48,1948,2,46080,6057500,CANTERBURY ASSOICATES LTD,881042500,matched,opa_license,0,,,,,,,opa_license,Pre-1950,,-75.194941,40.065916
4328-42 RIDGE AVE,19129,The Anchorage on Kelly,+1 855-919-1935,,,47,1965,5,53000,7448800,STONEHENGE ADVISORS INC,881137427,matched,opa_license,1,0,1,0,0,1600,1600,opa_license,1950-1979,,-75.19813,40.010092
3560-62 SEPVIVA ST,19134,Collins Lofts,+1 267-502-8332,,http://www.plusrealtors.com,47,1930,2,72922,7290700,CORINTHIAN ASSOCIATES LP,881164285,matched,opa_license,2,0,0,2,0,1495,1495,opa_license,Pre-1950,rentcast_api,-75.100327,39.995615
3809 SPRING GARDEN ST,19104,University City Apartments at UPENN / DREXEL / PENN Medicine,+1 215-671-6400,,,47,1917,3,32542,4309400,MM CLOISTERS I LLC,881108190,matched,opa_license,2,1,1,0,0,1195,1345,opa_license,Pre-1950,,-75.198708,39.962431
4210-16 CHESTNUT ST,19104,Uno on Chestnut,+1 267-215-3536,,,47,2017,6,50044,13835400,4210-16 CHESTNUT ST,881442752,matched,opa_license,0,,,,,,,opa_license,2010-2019,,-75.206729,39.955915
4616 LEIPER ST,19124,Grand Leiper Apartments,+1 866-488-3650,,,47,1963,4,42400,3348900,PARKSIDE APARTMENTS LP,881104500,matched,opa_license,1,0,1,0,0,1150,1150,opa_license,1950-1979,,-75.087567,40.017436
37-55 E WISTER ST,19144,,,,,47,1993,5,36869,3612000,ELDERS PLACE II AGT,881056060,none,opa_license,0,,,,,,,opa_license,1980-1999,,-75.16433,40.031016
1100 W GODFREY AVE,19141,Academia Suites Apartments,+1 844-749-8802,,,47,1965,4,45520,7031400,ACADEMIA SUITES LP,881150920,matched,opa_license,1,1,0,0,0,999,999,opa_license,1950-1979,,-75.138387,40.046101
4618-22 CHESTER AVE,19143,University Court on Chester Apartments,+1 215-921-5486,,,46,1925,4,17360,4105200,BERGER REAL ESTATE INVESTMENT INC,881143955,matched,opa_license,1,1,0,0,0,895,895,opa_license,Pre-1950,,-75.213162,39.94617
7101 N 15TH ST,19126,Mandela Apartments,+1 215-310-7333,,,46,1961,3,24480,3231700,FERNROCK APARTMENTS 2 LP,881053300,matched,opa_license,1,0,1,0,0,1225,1225,opa_license,1950-1979,,-75.141008,40.061614
1510 W ALLEGHENY AVE,19132,Temple Lofts,+1 215-315-7048,,,46,1964,4,36522,666800,SUNRISE TOWER LLC,886602700,matched,opa_license,0,,,,,,,opa_license,1950-1979,,-75.155584,40.001399
4925 SAUL ST,19124,Willows Apartments,+1 215-267-8026,,,46,1920,2,36338,3506500,OXFORD PORTFOLIO LLC,881106400,matched,opa_license,0,,,,,,,opa_license,Pre-1950,,-75.083593,40.021188
1419-21 W ALLEGHENY AVE,19132,Temple Lofts,+1 215-315-7048,,,46,1969,6,51100,7008000,RENTAL ,881054800,matched,opa_license,1,0,0,1,0,1600,1600,opa_license,1950-1979,,-75.154183,40.002107
315-29 S 42ND ST,19104,Fairfax Apartments,+1 267-332-1996,,,46,1930,5,33600,5571300,UNIVERSITY CITY ASSOCIATES,881121600,matched,opa_license,1,1,0,0,0,995,995,opa_license,Pre-1950,,-75.206855,39.951423
3125-47 N 16TH ST,19132,Temple Lofts,+1 215-315-7048,,,45,1950,3,30540,3356700,COMMUNITY REALTY MGMT AGENT,881147020,matched,opa_license,0,,,,,,,opa_license,1950-1979,,-75.155969,40.001521
1151-61 N 3RD ST,19123,The Fountain Building,+1 267-682-6130,,,45,1890,4,71626,8402600,CAMBRIDGE STREET LP,881006805,matched,opa_license,1,0,0,1,0,1800,1800,opa_license,Pre-1950,,-75.141236,39.969169
4258-60 CHESTNUT ST,19104,Fairfax Apartments,+1 267-332-1996,,,45,2017,5,47500,13067700,4258-60 CHESTNUT STREET LP,881612550,matched,opa_license,0,,,,,,,opa_license,2010-2019,,-75.208243,39.956084
109 W WILDEY ST,19123,Piazza Alta,+1 215-613-9619,,,45,1940,4,33401,5588900,"PP 109 W. WILDEY, LLC",881006600,matched,opa_license,1,0,1,0,0,1595,1595,opa_license,Pre-1950,,-75.137662,39.967433
1701 S 28TH ST,19145,AWS Senior Housing,+1 215-271-2710,,,45,2012,,44135,883600,AWS PHASE IIILP,886900856,matched,opa_license,0,,,,,,,opa_license,2010-2019,,-75.190397,39.931642
2817-35 W QUEEN LN,19129,Carlton Park Apartments,+1 267-297-7980,,,44,1960,2,38740,5256300,CARLTON PARK APARTMENTS LLC ,881136000,matched,opa_license,1,0,0,1,0,1800,1800,opa_license,1950-1979,,-75.181265,40.020811
1240-62 E WASHINGTON LN,19138,Stenton Garden Apartments,+1 215-267-4252,,,44,1961,3,25926,3560300,AWBURY APT 2013 LP,881207000,matched,opa_license,0,,,,,,,opa_license,1950-1979,,-75.165948,40.05717
5201-19 WYNNEFIELD AVE,19131,Fairview Arms Apartments,+1 833-255-7654,,,44,1925,4,42840,4535800,FAIRWIEW ARMS ASSOC L P,881155210,matched,opa_license,0,,,,,,,opa_license,Pre-1950,,-75.230553,39.992142
1910-16 S 17TH ST,19145,,,,,44,1930,3,29685,4736300,1912 S. 17TH STREET CORP,881146269,none,opa_license,1,0,0,1,0,1495,1495,opa_license,Pre-1950,,-75.174498,39.926987
2701-15 WELSH RD,19152,Welshwood Apartments,+1 215-676-3440,,,44,1962,3,31975,3789400,WELSH 2007 ASSOCIATES LP,881190000,matched,opa_license,1,0,1,0,0,1325,1325,opa_license,1950-1979,,-75.028066,40.0668
1003-15 RACE ST,19107,Goldtex,+1 267-500-9025,,,44,1983,4,50100,8208200,A J DYNASTY LLC,881014605,matched,opa_license,0,,,,,,,opa_license,1980-1999,,-75.156227,39.955738
1222-26 LOCUST ST,19107,The Collins Apartments,+1 267-881-0177,,,44,1892,5,41216,11271000,4525 WALNUT ASSOCIATES LP,881012200,matched,opa_license,9,0,3,6,0,1400,3495,opa_license,Pre-1950,,-75.161781,39.947594
13555 PHILMONT AVE,19116,Station Walk Apartments,+1 215-673-8330,,,44,1954,3,30144,4219400,PHILMONT INVESTORS LLC,881205000,matched,opa_license,0,,,,,,,opa_license,1950-1979,,-75.013741,40.131423
6100 EASTWICK AVE,19142,Inglis Apartments At Elmwood,+1 215-726-8420,,,44,2010,,51456,963600,HELP PA AFFORDABLE HOUSING I LP,886616900,matched,opa_license,0,,,,,,,opa_license,2010-2019,,-75.220624,39.922245
844 N 6TH ST,19123,The Poplar,+1 215-839-1040,,,44,1960,3,25242,3605600,MARSHALL REALTY CO L P,881521140,matched,opa_license,1,0,0,1,0,2250,2250,opa_license,1950-1979,,-75.148102,39.966263
4800-20 PINE ST,19143,Olympic Tower Apartments,+1 215-536-3555,,,44,1925,3,44848,4608800,NPDF PINE ASSOCIATES LP,881145800,matched,opa_license,0,,,,,,,opa_license,Pre-1950,,-75.2189,39.952386
3502-08 SCOTTS LN,19129,Dobson Mills,+1 215-438-4888,,,44,1940,2,95287,6470800,C/O ELLEN CORTES,881137100,matched,opa_license,0,,,,,,,opa_license,Pre-1950,,-75.184656,40.007915
4224-34 OSAGE AVE,19104,The Linden University City,+1 833-326-0240,,,44,1920,4,22916,4230400,UNIVERSITY OF PENNA TRUSTEES,881122800,matched,opa_license,1,1,0,0,0,920,920,opa_license,Pre-1950,,-75.208412,39.950274
6806-28 MARTINS MILL RD,19111,Cheltenham Station Apartment Homes,+1 888-903-5467,,,43,1970,2,29418,4740500,CHELTENHAM STATION APARTMENTS LP ,881133000,matched,opa_license,1,0,0,1,0,1500,1500,opa_license,1950-1979,,-75.09314,40.056083
5840-50 N 13TH ST,19141,Eli Court,+1 267-930-1269,,,43,1930,4,21000,4165600,5824 N 13TH ST LLC,881150538,matched,opa_license,1,0,1,0,0,895,895,opa_license,Pre-1950,,-75.142056,40.042426
4207 CHESTER AVE,19104,The Linden University City,+1 833-326-0240,,https://www.newagerealtygroup.com,43,1925,4,22664,4623500,4207 CHESTER AVE LLC,881123200,matched,opa_license,7,3,4,0,0,875,1095,opa_license,Pre-1950,rentcast_api,-75.207855,39.948798
6344 N 8TH ST,19126,Eola Park Apartments,+1 844-832-1485,,,43,1958,4,34884,3486300,EOLA APARTMENTS LP,881149500,matched,opa_license,1,1,0,0,0,1155,1155,opa_license,1950-1979,,-75.134046,40.050093
4130-40 PARKSIDE AVE,19104,Marlton Residences,+1 215-879-8168,,,43,1897,,45950,2130000,BRENTWOOD PARKSIDE ASSOC,886601300,matched,opa_license,1,0,0,1,0,1550,1550,opa_license,Pre-1950,,-75.208407,39.975633
6150-52 W OXFORD ST,19151,Overbrook Tower,+1 267-219-8690,,,43,1920,5,42075,4327800,MONTE VISTA LDHA INC,881439770,matched,opa_license,0,,,,,,,opa_license,Pre-1950,,-75.244991,39.979464
2006-50 W OLNEY AVE,19144,Wister Court Apartments,+1 215-647-0166,,,43,1962,2,121578,60417000,MATTHEW MC MANNESS,881450990,matched,opa_license,0,,,,,,,opa_license,1950-1979,,-75.155221,40.040635
6134 WAYNE AVE,19144,Wood Norton Apartment Homes,+1 855-850-9714,,,42,1925,3,57353,3363200,TULPEHOCKEN APARTMENTS INC,881211800,matched,opa_license,0,,,,,,,opa_license,Pre-1950,,-75.185935,40.035445
4035 CHESTNUT ST,19104,Uno on Chestnut,+1 267-215-3536,,,42,1930,6,24200,4580300,KARP MICHAEL,881117765,matched,opa_license,1,1,0,0,0,1150,1150,opa_license,Pre-1950,,-75.203808,39.956131
7412-20 STENTON AVE,19150,Chestnut Terrace Apartments,+1 215-631-3268,,,42,1960,4,47467,4833500,LEN NOR REALTY ASSOCIATES,881046500,matched,opa_license,1,0,0,1,0,1445,1445,opa_license,1950-1979,,-75.186105,40.071029
7030 RISING SUN AVE,19111,Oxford Towers Apartments,+1 814-517-7480,,,41,1972,2,38646,4798900,SUNRISE COURT LLC,881131500,matched,opa_license,0,,,,,,,opa_license,1950-1979,,-75.088187,40.058176
219 VINE ST,19106,The View at Old City,+1 833-981-3117,,,41,1890,4,52416,8138200,MARINERS COURT ASSOCIATES LLC,881006323,matched,opa_license,1,1,0,0,0,1571,1571,opa_license,Pre-1950,,-75.14371,39.956058
4838 PULASKI AVE,19144,Germantown Apartments,+1 267-227-1073,,,41,1963,3,38705,3143200,FERNHILL PARK APARTMENTS LP,881064500,matched,opa_license,0,,,,,,,opa_license,1950-1979,,-75.167505,40.022321
2809 W QUEEN LN,19129,Carlton Park Apartments,+1 267-297-7980,,https://www.baymgmtgroup/philadelphia,41,1932,4,25584,3648900,SUSTAIN QLM LP,881135975,matched,opa_license,8,1,3,4,0,995,1350,opa_license,Pre-1950,rentcast_api,-75.178954,40.022341
1222-26 ARCH ST,19107,The Ludlow Apartments,+1 215-999-7894,,https://www.maxwellrealty.com,41,1881,5,46620,5954500,1222 ARCH STREET PARTNERS LP,881014781,matched,opa_license,3,0,3,0,0,1650,1935,opa_license,Pre-1950,rentcast_api,-75.160667,39.953755
4205 CHESTER AVE,19104,The Linden University City,+1 833-326-0240,,,40,1930,4,19720,4851300,1118 SPRUCE STREET LLC,881117772,matched,opa_license,1,1,0,0,0,875,875,opa_license,Pre-1950,,-75.207685,39.948803
5423-27 LENA ST,19144,Kenyon Lofts,+1 267-554-2407,,,40,1900,2,14736,1662200,LENA STREET ASSOCIATES,886650950,matched,opa_license,0,,,,,,,opa_license,Pre-1950,,-75.169124,40.03555
1221 MOUNT VERNON ST,19123,Mily on Green Apartments,+1 215-995-1399,,,40,1930,3,45381,6744700,1221 MT VERNON STREET LP,881068250,matched,opa_license,1,0,1,0,0,1695,1695,opa_license,Pre-1950,,-75.158299,39.964152
600 CHURCH LN,19144,Church lane court,+1 215-310-7333,,,40,1935,2,34463,3940100,"600 E CHURCH LANE PARTNERS, LLC",881058105,matched,opa_license,0,,,,,,,opa_license,Pre-1950,,-75.163056,40.040675
222 CHURCH ST,19106,The National Old City Apartments,+1 215-278-9885,,https://premier.pennsylvania.remax.com,40,1849,6,50816,10351300,MARKET 222 CHURCH LLC,881005510,matched,opa_license,1,0,1,0,0,1875,1875,opa_license,Pre-1950,rentcast_api,-75.144824,39.950406
713-17 RHAWN ST,19111,Park Chase Apartments,+1 215-742-8895,,,40,1960,3,27156,4579400,GAIL COURT LP,881224200,matched,opa_license,0,,,,,,,opa_license,1950-1979,,-75.078373,40.074877
5101-07 N 12TH ST,19141,Lindley Court Apartments,+1 215-457-1336,,,40,1920,4,25964,3094300,5101 N 12TH STREET ASSOCIATES,881151100,matched,opa_license,0,,,,,,,opa_license,Pre-1950,,-75.142526,40.030318
45-49 E CLIVEDEN ST,19119,6610 at Pelham Place,+1 855-514-4239,,,40,1925,4,26220,3367900,45 CLIVEDEN LLC,881094600,matched,opa_license,2,0,2,0,0,1350,1350,opa_license,Pre-1950,,-75.18222,40.048036
315 S 50TH ST,19143,Olympic Tower Apartments,+1 215-536-3555,,,40,1951,4,24552,3252600,PARKSIDE WALNUT LLC,881215300,matched,opa_license,1,1,0,0,0,975,975,opa_license,1950-1979,,-75.221846,39.953506
4203 CHESTER AVE,19104,The Linden University City,+1 833-326-0240,,,40,1920,4,19720,4572800,GREENZANG PROPERTIES LLC VI,881123100,matched,opa_license,1,0,1,0,0,1075,1075,opa_license,Pre-1950,,-75.207523,39.948809
4725-27 CHESTER AVE,19143,University Court on Chester Apartments,+1 215-921-5486,,,40,1925,4,21612,3674100,SHORE LARRY,881143945,matched,opa_license,0,,,,,,,opa_license,Pre-1950,,-75.215357,39.945393
6761-63 RIDGE AVE,19128,The Onyx,,,,40,2013,,35916,770800,"FSH, L.P.",886810681,matched,opa_license,0,,,,,,,opa_license,2010-2019,,-75.225041,40.04167
2619-31 S 19TH ST,19145,Oregon Arms,,,,40,1963,3,29625,4371000,DELANCEY OREGON ASSOCIATES LP,881111500,matched,opa_license,0,,,,,,,opa_license,1950-1979,,-75.178722,39.918501
76-88 COLLOM ST,19144,Wister Apartments,+1 215-842-0740,,,40,1993,5,37776,2879300,ELDERS PLACE II AGT,881070440,matched,opa_license,0,,,,,,,opa_license,1980-1999,,-75.164469,40.031906
4815 LOCUST ST,19139,Olympic Tower Apartments,+1 215-536-3555,,,40,1925,5,30624,4575600,MAGDIM TOWERS INC,881143856,matched,opa_license,0,,,,,,,opa_license,Pre-1950,,-75.219115,39.955209
3412 SPRING GARDEN ST,19104,Springline on 36th Apartments,+1 215-921-5486,,,40,1920,4,19624,4166300,3412 SPRING GARDEN PARTNERS,881108160,matched,opa_license,1,1,0,0,0,990,990,opa_license,Pre-1950,,-75.19225,39.96257
6200 EASTWICK AVE,19142,Inglis Apartments At Elmwood,+1 215-726-8420,,,40,2006,,40140,919800,INGLIS APARTMENTS AT ELMWOOD LP,886617000,matched,opa_license,0,,,,,,,opa_license,2000-2009,,-75.221427,39.921058
5217-41 COTTAGE ST,19124,Cottage Court Apartments,+1 267-412-2082,,,40,1969,3,33000,2857000,SHERI LYNN ENTERPRISES INC,881223000,matched,opa_license,0,,,,,,,opa_license,1950-1979,,-75.070421,40.016984
6100-18 NASSAU RD,19151,Overbrook Tower,+1 267-219-8690,,,40,1926,4,48000,4528400,6100 NASSAU HOLDINGS LP,881125620,matched,opa_license,1,0,0,1,0,1250,1250,opa_license,Pre-1950,,-75.242959,39.97913
7441-57 LIMEKILN PIKE,19138,Elkins Court Apartments,,,,40,1961,3,34805,3125400,ROBERT COURT ASSOCIATES L P,881151000,matched,opa_license,0,,,,,,,opa_license,1950-1979,,-75.159088,40.068146
7314-20 ALGON AVE,19111,Algon Gardens,+1 215-267-4362,,,40,1962,3,32034,3412900,7500 ALGON AVE ASSOC LP,881166800,matched,opa_license,0,,,,,,,opa_license,1950-1979,,-75.072793,40.056254
15 BANK ST,19106,Chancery Lane Apartments,+1 267-499-4887,,,40,1800,4,33000,6003600,C/O ASI MANAGEMENT,881007610,matched,opa_license,0,,,,,,,opa_license,Pre-1950,,-75.144743,39.949332
5025 N 15TH ST,19141,Lindley Court Apartments,+1 215-457-1336,,,40,1962,4,52765,3432700,NORTH FIFTEENTH ST HOUSING,881073500,matched,opa_license,0,,,,,,,opa_license,1950-1979,,-75.147851,40.030018
2331 N 58TH ST,19131,Overbrook Court Apartments,+1 610-476-4909,,,40,1927,3,43200,4908500,OVERBROOK INVESTMENT GOUP,881155940,matched,opa_license,0,,,,,,,opa_license,Pre-1950,,-75.24073,39.99115
4411-21 SPRUCE ST,19104,Fairfax Apartments,+1 267-332-1996,,,40,1930,3,28344,4438100,SIMON ASSOCIATES*,881122300,matched,opa_license,0,,,,,,,opa_license,Pre-1950,,-75.211115,39.953128
2400 BENSON ST,19152,Pennypack Crossing,+1 877-879-5992,,,40,1963,4,72480,8187800,PAUL COHEN ,881174500,matched,opa_license,0,,,,,,,opa_license,1950-1979,,-75.044314,40.061546
2401 BENSON ST,19152,Pennypack Crossing,+1 877-879-5992,,,40,1963,4,38112,4548900,PAUL COHEN,881174550,matched,opa_license,0,,,,,,,opa_license,1950-1979,,-75.043894,40.062077
4804-06 CHESTER AVE,19143,University Court on Chester Apartments,+1 215-921-5486,,,39,1950,4,24488,2354200,SBG MANAGEMENT,881822400,matched,opa_license,4,1,3,0,0,850,1195,opa_license,1950-1979,,-75.215477,39.94454
1404-38 N 15TH ST,19121,The Greenery Apartments,+1 267-530-1047,,,39,1982,3,38940,4110100,NIX HOME INVESTORS LP,881146250,matched,opa_license,0,,,,,,,opa_license,1980-1999,,-75.16069,39.975515
7212-24 HAVERFORD AVE,19151,Haverford Court Apartments,+1 855-998-6708,,,39,1962,3,24326,4307400,HAVERFORD PLACE LLC,881127000,matched,opa_license,1,0,1,0,0,1225,1225,opa_license,1950-1979,,-75.261216,39.97439
3131 MASTER ST,19121,The Hub at 31 Brewerytown,+1 267-419-7667,,,39,2019,4,27180,6474300,WESTRUM BT2 LP,881822818,matched,opa_license,0,,,,,,,opa_license,2010-2019,,-75.187077,39.978195
1025 ARCH ST,19107,The Ludlow Apartments,+1 215-999-7894,,,39,1900,8,60607,7468300,"TK DEVELOPMENT,LLC",881014779,matched,opa_license,0,,,,,,,opa_license,Pre-1950,,-75.157359,39.954023
5050-58 WYNNEFIELD AVE,19131,Bryn Mawr Apartments,+1 877-783-1908,,,39,1962,4,34392,4215000,BRYNFIELD COURT ASSOC L P,881155200,matched,opa_license,0,,,,,,,opa_license,1950-1979,,-75.227071,39.991194
4901 OXFORD AVE,19124,Grand Leiper Apartments,+1 866-488-3650,,,39,1940,2,33406,3064400,OXFORD PORTFOLIO LLC,881106500,matched,opa_license,1,0,1,0,0,1175,1175,opa_license,Pre-1950,,-75.083906,40.02077
262 E CLIVEDEN ST,19119,Magnolia Court Apartments,+1 267-388-4891,,,39,1967,3,37128,3329500,262 CLIVEDEN LLC,881095000,matched,opa_license,1,0,1,0,0,1495,1495,opa_license,1950-1979,,-75.17856,40.050795
2810-28 N LAMBERT ST,19132,Woodstock Mutual Homes,+1 215-228-2920,,,39,1981,3,36600,4463600,WOODSTOCK COOPERATIVE,886602100,matched,opa_license,0,,,,,,,opa_license,1980-1999,,-75.165135,39.997534
130-34 ARCH ST,19106,The National Old City Apartments,+1 215-278-9885,,https://null,39,1900,5,39159,6539100,CHANCERY LANE PARNTERS,881007450,matched,opa_license,4,0,3,1,0,1695,2375,opa_license,Pre-1950,rentcast_api,-75.142991,39.951641
4141 SPRUCE ST,19104,Fairfax Apartments,+1 267-332-1996,,,39,1930,4,33504,4634800,NPDF CHESTER ASSOCIATES L P,881121405,matched,opa_license,0,,,,,,,opa_license,Pre-1950,,-75.206459,39.952349
1429 N 15TH ST,19121,The Greenery Apartments,+1 267-530-1047,,,38,1915,4,20200,2387900,TEMPLETON PROPERTIES II LP,881146110,matched,opa_license,0,,,,,,,opa_license,Pre-1950,,-75.159904,39.975606
2465 N 50TH ST,19131,Bala Apartments,+1 267-805-5211,,,38,1962,3,48126,3987900,MICHAEL WOODWARD AGT,881155800,matched,opa_license,0,,,,,,,opa_license,1950-1979,,-75.227267,39.999592
1328-36 PINE ST,19107,1316 Pine Street Apartments,+1 267-432-7288,,,38,1920,6,21391,5699600,"RITTENHOUSE PORTFOLIO ASSOCIATES, LLC",881019600,matched,opa_license,1,1,0,0,0,975,975,opa_license,Pre-1950,,-75.164185,39.945266
1625-35 HOFFNAGLE ST,19152,Pearl Gate Apartments,+1 267-641-6892,,,38,1962,3,25800,3630500,PEARL GATE APARTMENTS LP,881174100,matched,opa_license,0,,,,,,,opa_license,1950-1979,,-75.058346,40.069039
8020 ALGON AVE,19152,Meadowview Apartments,+1 610-320-1066,,,38,1963,4,50840,6313200,MEADOWVIEW APTS LP,881183500,matched,opa_license,0,,,,,,,opa_license,1950-1979,,-75.062812,40.067278
5501-09 WAYNE AVE,19144,Fairfax Apartments in Germantown,+1 215-848-8313,,,38,1914,4,56500,3751800,FRIENDS OF THE FAIRFAX,881062010,matched,opa_license,0,,,,,,,opa_license,Pre-1950,,-75.176674,40.031076
4927 WYNNEFIELD AVE,19131,Wynnefield Terrace,+1 267-494-6124,,,37,1928,2,37216,4155700,IS 4927 WYNNEFIELD LLC,881155125,matched,opa_license,0,,,,,,,opa_license,Pre-1950,,-75.224158,39.991797
7020 N BROAD ST,19126,Mandela Apartments,+1 215-310-7333,,,37,1966,4,33000,3264500,SYV LLC,881053100,matched,opa_license,0,,,,,,,opa_license,1950-1979,,-75.140568,40.06042
843-47 N 12TH ST,19123,Veranda Apartments,+1 267-761-5111,,,37,1927,4,48768,810300,"HELP PA V, LP",886669000,matched,opa_license,0,,,,,,,opa_license,Pre-1950,,-75.155599,39.968366
2217 N 51ST ST,19131,Bryn Mawr Apartments,+1 877-783-1908,,,36,1926,4,20640,3169500,BANKS DANIEL & JACQUELYN,881155930,matched,opa_license,5,2,3,0,0,975,1350,opa_license,Pre-1950,,-75.227688,39.990537
6001 N 17TH ST,19141,The Granada Apartments,,,,36,1925,4,28800,2288600,TEVEL 6100 LLC,881074015,matched,opa_license,4,0,4,0,0,1175,1250,opa_license,Pre-1950,,-75.147907,40.045403
8049 PINE RD,19111,Fox Chase Gardens,+1 215-779-4815,,,36,1955,3,25305,3515100,SCALZO MICHAEL,881223510,matched,opa_license,1,0,1,0,0,1425,1425,opa_license,1950-1979,,-75.083443,40.078513
1516 N 15TH ST,19121,The Greenery Apartments,+1 267-530-1047,,,36,2012,4,31452,5364800,1516-18 N 15TH STREET LP,881146270,matched,opa_license,0,,,,,,,opa_license,2010-2019,,-75.160458,39.976673
4214 LONGSHORE AVE,19135,Longshore Apartments,+1 215-310-7333,,,36,1962,3,21257,3584100,WALKER COURT HOLDINGS LLC,881166700,matched,opa_license,1,0,1,0,0,1200,1200,opa_license,1950-1979,,-75.047237,40.030665
20 N FRONT ST,19106,The National Old City Apartments,+1 215-278-9885,,,36,1830,5,58000,7558400,GEOFF FLOURNEY,881003335,matched,opa_license,0,,,,,,,opa_license,Pre-1950,,-75.142221,39.950567
3510-30 SCOTTS LN,19129,Sherman Mills,+1 215-991-7601,,,36,1900,4,126339,8699700,SCOTTS MILLS LP,881137200,matched,opa_license,1,1,0,0,0,1316,1316,opa_license,Pre-1950,,-75.185682,40.007402
6935 N 15TH ST,19126,Bromley House Apartments,+1 844-231-1823,,,36,1965,2,28933,3042900,AIN LP,881053180,matched,opa_license,1,0,1,0,0,1000,1000,opa_license,1950-1979,,-75.141446,40.058871
1600-10 N 15TH ST,19121,Oxford Village Apartments,+1 215-765-3134,,,36,1925,3,21207,5096600,RISE MANAGEMENT,881146248,matched,opa_license,0,,,,,,,opa_license,Pre-1950,,-75.160078,39.977783
6640 SPRAGUE ST,19119,Ardleigh Gardens Apartments,+1 267-415-4064,,,36,1920,4,44952,5145500,PHILCARD PROPERTIES,881096600,matched,opa_license,1,1,0,0,0,895,895,opa_license,Pre-1950,,-75.178001,40.058098
30-34 S FRONT ST,19106,Waterfront II,+1 215-351-1535,,https://www.maxwellrealty.com,35,1900,5,48320,7688300,"30-34 SOUTH FRONT STREET ASSOCIATES, LLC",881003337,matched,opa_license,2,0,2,0,0,1750,1750,opa_license,Pre-1950,rentcast_api,-75.142793,39.948754
5031 RACE ST,19139,Aspen Village Apartments,,,,35,1930,,32670,1908800,DUNLAP MANAGEMENT PARTNERS LP,886600800,matched,opa_license,0,,,,,,,opa_license,Pre-1950,,-75.221682,39.963093
3017-45 W OXFORD ST,19121,The Hub at 31 Brewerytown,+1 267-419-7667,,,35,1900,4,30612,3240700,SARTAIN MANAGEMENT PARTNERS LP,881439760,matched,opa_license,0,,,,,,,opa_license,Pre-1950,,-75.184671,39.981034
701-07 SANSOM ST,19106,The Ledger Residences by Sosuite - Old City,+1 833-533-4371,,https://null,35,1890,6,37786,5985400,701 SANSOM ST PARTNERS,881010950,matched,opa_license,4,0,4,0,0,1715,1885,opa_license,Pre-1950,rentcast_api,-75.152701,39.94881
3307-39 WALLACE ST,19104,University City Philadelphia Apartments,+1 267-219-5949,,,35,1994,,31581,861000,AGT:COMMUNITY PROPERTY MGT INC,886810742,matched,opa_license,0,,,,,,,opa_license,1980-1999,,-75.191276,39.965575
360 E TULPEHOCKEN ST,19144,Duval Arms,+1 267-641-5381,,,34,1930,3,27123,3051800,DUVAL ARMS LP,881211310,matched,opa_license,0,,,,,,,opa_license,Pre-1950,,-75.174343,40.046629
4233 CHESTNUT ST,19104,Uno on Chestnut,+1 267-215-3536,,,34,2021,7,232225,55812900,KALIDAVE LTD PARTNERSHIP,881612425,matched,opa_license,0,,,,,,,opa_license,2020+,,-75.207947,39.956745
5001-19 GAINOR RD,19131,Bryn Mawr Apartments,+1 877-783-1908,,,34,1939,2,28941,3504900,WYNMAWR COURT ASSOC L P,881155980,matched,opa_license,1,1,0,0,0,1125,1125,opa_license,Pre-1950,,-75.22706,39.990245
5516-22 HAVERFORD AVE,19139,Haverford Apartments,+1 215-712-8580,,,34,1925,4,21640,3074100,HAVERFORD APARTMENTS LP,881004920,matched,opa_license,1,0,1,0,0,1171,1171,opa_license,Pre-1950,,-75.230596,39.966776
4800 BROWN ST,19139,West Village,+1 215-877-7733,,https://www.ocfrealty.com,34,1925,3,48059,4180500,WEST VILLAGE APARTMENT LOFT LLC,881054550,matched,opa_license,10,0,10,0,0,1233,1425,opa_license,Pre-1950,rentcast_api,-75.217204,39.96592
1039-55 FRANKFORD AVE,19125,Frankford Lofts,+1 267-930-2895,,,34,1925,4,52000,4070900,FRANKFORD LOFTS LP,881006090,matched,opa_license,0,,,,,,,opa_license,Pre-1950,,-75.134139,39.967345
2740-50 AXE FACTORY RD,19152,Holme Circle Apartments,+1 215-677-8809,,,34,1960,3,48600,6872800,HOLME CIRCLE APARTMENTS 2010 LP,881191000,matched,opa_license,0,,,,,,,opa_license,1950-1979,,-75.03085,40.058367
2800-20 AXE FACTORY RD,19152,Holme Circle Apartments,+1 215-677-8809,,,34,1960,3,24300,4046200,HOLME CIRCLE APARTMENTS 2010 LP,881191001,matched,opa_license,1,0,1,0,0,1175,1175,opa_license,1950-1979,,-75.029651,40.057684
8000-20 DITMAN ST,19136,8030 Ditman St Apt 3A,,,,34,1960,,28512,744600,"NORTHEAST II-DITMAN ASSOCIATES, LP",886761651,matched,opa_license,0,,,,,,,opa_license,1950-1979,,-75.0254,40.036813
2100 GLENDALE AVE,19152,Northeast Apartments,+1 215-333-5522,,,34,1960,3,30096,3410600,NORTHEAST APARTMENT ASSOCIATION LP,881171600,matched,opa_license,0,,,,,,,opa_license,1950-1979,,-75.057361,40.055189
1011 N HANCOCK ST,19123,Carriage Wheel Lofts,+1 267-804-7188,,http://thesomersteam.com/about/sean-dundon/297,33,1900,4,52260,8782800,DEL CAMPO LCP LLC,881006615,matched,opa_license,2,0,0,2,0,1699,2000,opa_license,Pre-1950,rentcast_api,-75.139073,39.965506
9305 ASHTON RD,19114,Sandalwood Apartments,+1 215-676-4169,,,33,1965,3,41382,5697300,"REAL PROPERTIES, MGR J. LIPNER",881192800,matched,opa_license,0,,,,,,,opa_license,1950-1979,,-75.018389,40.065619
5630-40 WYALUSING AVE,19131,Haverford Apartments,+1 215-712-8580,,,33,1902,3,29990,2045800,AGNT:CHARLENE RAWLINSON,886651600,matched,opa_license,0,,,,,,,opa_license,Pre-1950,,-75.233434,39.96831
222-26 RACE ST,19106,The National Old City Apartments,+1 215-278-9885,,,33,1885,4,25920,4344900,PFEIFFER HOUSE LTD,881007200,matched,opa_license,1,0,1,0,0,1695,1695,opa_license,Pre-1950,,-75.143774,39.953627
45 W HAINES ST,19144,Maple Village,+1 215-240-7765,,,33,2020,4,31062,3873100,SDG TCG 45-47 W HAINES LLC,881097350,matched,opa_license,4,0,4,0,0,1450,1850,opa_license,2020+,,-75.178348,40.03757
2333-47 FAIRMOUNT AVE,19130,Green Street Apartments,,,,33,2018,5,35236,7781800,LOONSTYN HOLDINGS LP,881808633,matched,opa_license,0,,,,,,,opa_license,2010-2019,,-75.176565,39.967623
131 S 48TH ST,19139,Olympic Tower Apartments,+1 215-536-3555,,,33,1922,4,24000,3059000,PARKSIDE WALNUT LLC,881214550,matched,opa_license,1,0,1,0,0,1195,1195,opa_license,Pre-1950,,-75.217224,39.956498
4514 PINE ST,19143,Spruce Square,+1 215-246-0606,,,33,1925,4,18000,3192300,PINE TOWER,881144070,matched,opa_license,1,1,0,0,0,1095,1095,opa_license,Pre-1950,,-75.213032,39.951659
101-03 W WALNUT LN,19144,The Lennox Apartments,+1 215-650-6530,,,33,1929,4,30063,2852700,6100 MCCALLUM LLC,881211450,matched,opa_license,0,,,,,,,opa_license,Pre-1950,,-75.180478,40.039213
500-02 W CHELTEN AVE,19144,Hathaway House Apartments,+1 267-697-5641,,,33,1927,4,40560,2931400,OH CHELTEN PARTNERS LP,881058300,matched,opa_license,0,,,,,,,opa_license,Pre-1950,,-75.182525,40.027709
4518-22 OSAGE AVE,19143,Spruce Square,+1 215-246-0606,,,33,1950,3,43650,2275900,NEW HORIZONS WEST END LLC,881143934,matched,opa_license,0,,,,,,,opa_license,1950-1979,,-75.213508,39.950939
4400-16 SPRUCE ST,19104,Fairfax Apartments,+1 267-332-1996,,,33,1925,4,47250,5634500,SIMON ASSOCIATES LIMITED,881122600,matched,opa_license,0,,,,,,,opa_license,Pre-1950,,-75.211088,39.952408
6320-42 KEYSTONE ST,19135,,,,,33,1970,3,17625,2300100,ALPAN DEVELOPERS INC,881142800,none,opa_license,0,,,,,,,opa_license,1950-1979,,-75.050424,40.01872
1701-23 N 6TH ST,19122,Studiohouse,+1 267-808-2757,,,32,1902,3,35625,4307300,32 LOFTS LIMITED PARTNERSHIP,881006700,matched,opa_license,1,1,0,0,0,1495,1495,opa_license,Pre-1950,,-75.144954,39.977335
1320-26 FOULKROD ST,19124,Grand Leiper Apartments,+1 866-488-3650,,,32,1925,4,20000,2131800,1320 FOULKROD LLC,881222700,matched,opa_license,1,0,1,0,0,1115,1115,opa_license,Pre-1950,,-75.086658,40.019809
918 N BROAD ST,19130,Fairmount Square,+1 215-490-9339,,http://tcsgroup.com,32,2024,8,37520,8332000,COMMUNITY CORRECTIONS CORP,881439500,matched,opa_license,17,2,10,5,0,1475,2495,opa_license,2020+,rentcast_api,-75.160068,39.970898
4401-11 WALNUT ST,19104,"Manor Flats off Sansom, University City, Philly, New Luxury Apartment Rentals",+1 732-351-2567,,,32,1935,4,33434,5897900,4401 WALNUT HOLDINGS LLC,881121800,matched,opa_license,0,,,,,,,opa_license,Pre-1950,,-75.210366,39.955341
3026 W QUEEN LN,19129,Carlton Park Apartments,+1 267-297-7980,,,32,1958,2,31482,4240000,CHARLWIN REALTY GROUP LLC,881136050,matched,opa_license,0,,,,,,,opa_license,1950-1979,,-75.181863,40.019055
5051 OXFORD AVE,19124,Oxford Gardens,+1 215-310-7333,,,32,1940,2,24078,2404600,OXFORD PORTFOLIO LLC,881220900,matched,opa_license,0,,,,,,,opa_license,Pre-1950,,-75.084008,40.023075
920 EMERSON ST,19111,Emerson Flats Apartments,+1 267-703-3589,,,32,1964,3,31479,3196900,KATHLEEN OVERWISE - AGENT,881228500,matched,opa_license,0,,,,,,,opa_license,1950-1979,,-75.071854,40.075067
905 N 41ST ST,19104,862 N 41st St,+1 215-268-6151,,,32,1928,3,21174,1928300,WESTMINSTER EVANGELICAL,881428900,matched,opa_license,0,,,,,,,opa_license,Pre-1950,,-75.205518,39.970056
6515-19 N BROAD ST,19126,Jjy Apartments,+1 561-275-6429,,,32,1925,3,19500,2563200,MILLER 12 LLC,881150555,matched,opa_license,0,,,,,,,opa_license,Pre-1950,,-75.141257,40.052734
1133-37 N 4TH ST,19123,The Fountain Building,+1 267-682-6130,,,32,1950,4,30060,6577300,CAMBRIDGE MANAGEMENT,881006667,matched,opa_license,1,0,1,0,0,1525,1525,opa_license,1950-1979,,-75.142915,39.968919
3640 STANTON ST,19129,Falls Ridge,+1 215-848-4116,,,32,1900,3,26680,3746700,"3640 STANTON, LP",881137650,matched,opa_license,0,,,,,,,opa_license,Pre-1950,,-75.193778,40.011189
4504 PINE ST,19143,Spruce Square,+1 215-246-0606,,,32,1925,4,18000,2853600,NEIGBORHOOD PRESERVATION & DEV FUND,881144065,matched,opa_license,0,,,,,,,opa_license,Pre-1950,,-75.212833,39.951628
8221 E ROOSEVELT BLVD,19152,Pennypack Crossing,+1 877-879-5992,,,32,1953,3,17414,2100000,PARK CIRCLE ASSOCIATES LP,881224400,matched,opa_license,0,,,,,,,opa_license,1950-1979,,-75.043125,40.060056
415 S VAN PELT ST,19146,Textile Lofts,+1 215-398-7150,,,32,1890,3,22689,7154100,415 SOUTH VAN PELT ASSOCIATES,881032695,matched,opa_license,1,0,1,0,0,2500,2500,opa_license,Pre-1950,,-75.177255,39.946469
6050 OVERBROOK AVE,19131,6300 CITY AVE,+1 267-885-2858,,,32,1927,9,54138,10040400,ST JOSEPHS UNIVERSITY,881125675,matched,opa_license,0,,,,,,,opa_license,Pre-1950,,-75.247835,39.990243
3600 SPRING GARDEN ST,19104,Springline on 36th Apartments,+1 215-921-5486,,,31,1924,4,16144,3205300,BERGER REAL ESTATE INVESTMENT INC,881108175,matched,opa_license,1,1,0,0,0,895,895,opa_license,Pre-1950,,-75.194455,39.962371
2559-77 AMBER ST,19125,Kensington Courts,,,,31,2019,4,42872,6187900,2559 AMBER LLC,881068780,matched,opa_license,1,0,1,0,0,1395,1395,opa_license,2010-2019,,-75.124143,39.984585
1210 CHESTNUT ST,19107,The Collins Apartments,+1 267-881-0177,,,31,1900,5,42031,8526600,FOUR FORTY NORTH FRONT LLC,881301980,matched,opa_license,4,0,2,2,0,2085,2430,opa_license,Pre-1950,,-75.160916,39.950084
3608-12 SPRING GARDEN ST,19104,Springline on 36th Apartments,+1 215-921-5486,,,30,1920,4,25000,4951100,CP ACQUISITIONS 16  LLC,881561630,matched,opa_license,0,,,,,,,opa_license,Pre-1950,,-75.194933,39.962289
615 VERNON RD,19119,Blakemore Apartments Complex,,,,30,1927,3,22500,2610400,CRESTWOOD PROPERTIES 2004 LP,881210005,matched,opa_license,1,0,1,0,0,1350,1350,opa_license,Pre-1950,,-75.177939,40.061362
1701-07 TULIP ST,19125,The Chesterman Building,+1 215-701-9110,,,30,1900,5,32489,3920100,MM EQUITY PARTNERS PHILLY LLC,881164455,matched,opa_license,2,0,1,1,0,1545,1795,opa_license,Pre-1950,,-75.131048,39.974903
1132-40 N FRONT ST,19123,Piazza Alta,+1 215-613-9619,,,30,1925,5,21962,5302700,FRANKLIN SPICE LLC,881005905,matched,opa_license,0,,,,,,,opa_license,Pre-1950,,-75.136673,39.968536
1901-13 FAUNCE ST,19111,,,,,30,1950,3,15975,2202700,AL PROPERTIES LLC,881171700,none,opa_license,0,,,,,,,opa_license,1950-1979,,-75.06283,40.05637
9984 FERNDALE ST,19115,Brookmont Apartment Homes,+1 215-709-6967,,,30,1955,3,26082,2838800,FAIRFIELD APARTMENT COMPLEX LP,881196800,matched,opa_license,0,,,,,,,opa_license,1950-1979,,-75.035376,40.106049
117-21 SPRING GARDEN ST,19123,Residences at 1 Brown,+1 215-764-5909,,http://www.livelovephilly.com/,30,2018,5,46511,8937100,SPRING GARDEN VIEW LLC,881571612,matched,opa_license,2,0,0,2,0,1999,2400,opa_license,2010-2019,rentcast_api,-75.13958,39.960815
525-47 ARMSTRONG ST,19144,Wister Court Apartments,+1 215-647-0166,,,30,2015,4,28500,3831100,WISTER GREEN ARMSTRONG 525 LP,881056080,matched,opa_license,0,,,,,,,opa_license,2010-2019,,-75.159845,40.037774
5730-42 FRANKFORD AVE,19135,,,,,30,1972,2,25836,2136900,A&E SUNRISE GROUP LLC,881222600,none,opa_license,0,,,,,,,opa_license,1950-1979,,-75.072199,40.025975
1586-98 N 52ND ST,19131,Centennial Village,+1 215-944-5087,,,30,1920,4,24498,2275400,PINELAKE MANAGEMENT ASSOCIATES LP,886761030,matched,opa_license,0,,,,,,,opa_license,Pre-1950,,-75.225824,39.979327
4748 PINE ST,19143,Olympic Tower Apartments,+1 215-536-3555,,,30,1950,4,23018,2656600,AGT: GSPM,881145750,matched,opa_license,0,,,,,,,opa_license,1950-1979,,-75.218148,39.952299
14000 BUSTLETON AVE,19116,Station Walk Apartments,+1 215-673-8330,,,30,1709,,14580,3354500,ONE MANSION INC,881433600,matched,opa_license,0,,,,,,,opa_license,Pre-1950,,-75.013086,40.131284
119-25 S 39TH ST,19104,The Chestnut,+1 833-876-4829,,,30,1915,4,19736,4081100,UNIVERSITY CITY ASSOCIATES,881117100,matched,opa_license,1,1,0,0,0,975,975,opa_license,Pre-1950,,-75.19987,39.954352
1231-33 WALNUT ST,19107,The Collins Apartments,+1 267-881-0177,,,30,1920,7,27680,5917300,EMPIRE BUILDING PARTNERS LP,881011201,matched,opa_license,0,,,,,,,opa_license,Pre-1950,,-75.161916,39.949282
730 STELLA MARIS ST,19148,Apartment,,,,30,1965,3,24337,3192300,WHITMAN COURT ASSOC,881137600,matched,opa_license,0,,,,,,,opa_license,1950-1979,,-75.16273,39.912193
5243-59 COTTAGE ST,19124,Cottage Court Apartments,+1 267-412-2082,,,29,1973,3,23004,1986700,FEDOROWYCZ CHRISTINE,881221200,matched,opa_license,0,,,,,,,opa_license,1950-1979,,-75.069731,40.017139
2940 W THOMPSON ST,19121,The Hub at 31 Brewerytown,+1 267-419-7667,,,29,2018,5,30975,4934100,FS 2940 PROPERTIES LLC,881070249,matched,opa_license,1,0,1,0,0,1475,1475,opa_license,2010-2019,,-75.184469,39.976321
801 S 47TH ST,19143,University Court on Chester Apartments,+1 215-921-5486,,,29,1925,4,27376,3517700,BCRE 47TH STREET L.P,881122565,matched,opa_license,0,,,,,,,opa_license,Pre-1950,,-75.216406,39.948365
1607-19 CATHARINE ST,19146,,,,https://www.ocfrealty.com,29,1920,4,52331,5852700,16TH AND CATHARINE STREET LLC,881450510,none,opa_license,3,0,2,1,0,1385,2550,opa_license,Pre-1950,rentcast_api,-75.169821,39.941516
6301-15 OVERBROOK AVE,19151,6300 CITY AVE,+1 267-885-2858,,,29,1909,4,42464,8719300,CP ACQUISITIONS 5 LP,881125700,matched,opa_license,0,,,,,,,opa_license,Pre-1950,,-75.25037,39.988385
234-40 E SHARPNACK ST,19119,,,,,29,1962,3,23400,2516000,MANA REALTY INC,881094700,none,opa_license,0,,,,,,,opa_license,1950-1979,,-75.179529,40.05295
1414 71ST AVE,19126,Mandela Apartments,+1 215-310-7333,,,28,1955,3,22950,2287100,MOUNT WEST APARTMENTS LP,881053400,matched,opa_license,0,,,,,,,opa_license,1950-1979,,-75.140674,40.060927
500 E UPSAL ST,19119,Willow Bend Apartments,+1 844-559-1587,,,28,1960,3,18649,2628100,500 UPSAL 2014 LP,881099050,matched,opa_license,2,0,0,2,0,1395,1395,opa_license,1950-1979,,-75.175436,40.056125
1021-27 RIDGE AVE,19123,Goldtex,+1 267-500-9025,,http://www.realtymark.net,28,1925,6,34257,4710000,SPRING ARTS LLC,881519450,matched,opa_license,3,2,0,1,0,1250,1495,opa_license,Pre-1950,rentcast_api,-75.155661,39.959861
1431 N 15TH ST,19121,The Greenery Apartments,+1 267-530-1047,,,28,2015,4,31134,4055800,JOSEPH SWIFT,881146151,matched,opa_license,0,,,,,,,opa_license,2010-2019,,-75.159881,39.975714
4421-33 PEARSON AVE,19114,Pearson Court,+1 215-267-6561,,,28,1967,3,14660,2391500,POWER THREE PROPERTIES LLC,881225200,matched,opa_license,1,1,0,0,0,1045,1045,opa_license,1950-1979,,-74.99872,40.055417
2411-19 KENSINGTON AVE,19125,Hagert and York,+1 445-264-2150,,,28,2018,4,32130,4264900,2411 KENSINGTON AVENUE LLC,881340002,matched,opa_license,1,0,1,0,0,1300,1300,opa_license,2010-2019,,-75.131284,39.986269
800-02 S 49TH ST,19143,Florence Flats,+1 215-508-2212,,,28,1927,4,22979,3155000,IRONSTONE ENTERPRISES,881155100,matched,opa_license,1,1,0,0,0,1099,1099,opa_license,Pre-1950,,-75.220464,39.947145
4401-07 SPRUCE ST,19104,Fairfax Apartments,+1 267-332-1996,,,28,1965,4,29320,4013800,SIMON ASSOCIATES LIMITED,881122290,matched,opa_license,0,,,,,,,opa_license,1950-1979,,-75.210763,39.953082
315 S 45TH ST,19104,Fairfax Apartments,+1 267-332-1996,,,28,1925,4,38000,8746900,SIMON ASSOCIATES PENNSYLV,881123300,matched,opa_license,1,1,0,0,0,1205,1205,opa_license,Pre-1950,,-75.212055,39.952082
6628 N 8TH ST,19126,Oak Lynne Apartments,+1 267-331-5802,,,28,1954,2,17651,2111300,PHILCARD PROPERTIES,881149700,matched,opa_license,0,,,,,,,opa_license,1950-1979,,-75.132322,40.053126
5101-25 N CAMAC ST,19141,Lindley Court Apartments,+1 215-457-1336,,,27,1962,3,20835,2126500,CAMAC GARDENS LLC,881150525,matched,opa_license,1,0,0,1,0,1900,1900,opa_license,1950-1979,,-75.143299,40.030463
4419-29 WALNUT ST,19104,"Manor Flats off Sansom, University City, Philly, New Luxury Apartment Rentals",+1 732-351-2567,,,27,1930,3,22764,3366500,NEW HORIZON WEST I LP,881121030,matched,opa_license,2,0,1,1,0,1295,1975,opa_license,Pre-1950,,-75.211003,39.955432
419-23 S 48TH ST,19143,Olympic Tower Apartments,+1 215-536-3555,,,27,1925,4,34650,6016000,NEW HORIZONS WEST LANE LLC,881144055,matched,opa_license,0,,,,,,,opa_license,Pre-1950,,-75.218129,39.951988
3408-16 RHAWN ST,19136,,,,,27,1968,4,25027,2423800,1260 HOUSING DEVELOPMENT CORP,881224700,none,opa_license,0,,,,,,,opa_license,1950-1979,,-75.030527,40.043797
4015 DEVEREAUX AVE,19135,Mulberry Court,+1 215-445-4559,,,27,1971,3,24831,2101500,GORDON* MICHAEL,881166600,matched,opa_license,0,,,,,,,opa_license,1950-1979,,-75.061705,40.026908
5245 OXFORD AVE,19124,Oxford Avenue Apartments LP,+1 215-289-1905,,,27,1962,5,25700,1891900,OXFORD AVENUE APT LP,881221500,matched,opa_license,2,1,1,0,0,925,1050,opa_license,1950-1979,,-75.084804,40.027503
1706-22 N SYDENHAM ST,19121,Oxford Village Apartments,+1 215-765-3134,,,27,2005,4,36540,3036300,JOB 2 LP,881147850,matched,opa_license,0,,,,,,,opa_license,2000-2009,,-75.160408,39.979637
313-15 VINE ST,19106,The View at Old City,+1 833-981-3117,,,27,1899,5,22912,4246700,"313 VINE STREET, LLC",881006314,matched,opa_license,1,0,1,0,0,1721,1721,opa_license,Pre-1950,,-75.145302,39.956241
1510 POPLAR ST,19130,20onPoplar Luxury Apartments,+1 267-797-2175,,,27,2010,3,32500,1082400,FRANCISVILLE EAST LP,886710625,matched,opa_license,0,,,,,,,opa_license,2010-2019,,-75.162404,39.970355
8110-18 VERREE RD,19111,Park Chase Apartments,+1 215-742-8895,,,27,1962,2,104000,14887300,PARK CHASE ASSOCIATES LP,881224500,matched,opa_license,0,,,,,,,opa_license,1950-1979,,-75.074909,40.075084
755 KENTWOOD ST,19116,Kentwood Apartments,+1 215-673-9414,,,27,1970,3,17184,2523800,KENTWOOD ASSOCIATES INC,881189400,matched,opa_license,0,,,,,,,opa_license,1950-1979,,-75.029802,40.108718
730 SANFORD ST,19116,Kentwood Apartments,+1 215-673-9414,,,27,1970,3,17164,2512500,KENTWOOD ASSOCIATES INC,881189600,matched,opa_license,0,,,,,,,opa_license,1950-1979,,-75.029566,40.109378
4849 PARKSIDE AVE,19131,,,,,26,1926,3,14400,1385600,SPEARS BOBBY & JOYLE,881431000,none,opa_license,0,,,,,,,opa_license,Pre-1950,,-75.219479,39.993356
303-09 N 65TH ST,19139,Carlton Arms Apartments,+1 215-774-5875,,,26,1870,3,30000,1616500,LIBERTY PORTFOLIO LLC,881128510,matched,opa_license,0,,,,,,,opa_license,Pre-1950,,-75.249337,39.96836
528-34 KNORR ST,19111,Cheltenham Station Apartment Homes,+1 888-903-5467,,,26,1965,3,19357,2886100,KNORR ONE LLC,881131100,matched,opa_license,0,,,,,,,opa_license,1950-1979,,-75.089756,40.053536
500-02 S 47TH ST,19143,Spruce Square,+1 215-246-0606,,,26,1925,3,13476,2249800,LARCHMONT 26 GROUP LP,881144040,matched,opa_license,0,,,,,,,opa_license,Pre-1950,,-75.217022,39.950645
615 E UPSAL ST,19119,Ardleigh Gardens Apartments,+1 267-415-4064,,,26,1956,3,27314,2474400,ARDLEIGH GARDENS 2007 LLC,881099051,matched,opa_license,1,0,1,0,0,1375,1375,opa_license,1950-1979,,-75.175001,40.057614
6708 HARBISON AVE,19149,6700 harbson av,,,,26,1962,2,20642,2770300,ZAFAR AND FAISAL REAL ESTATE,881165500,matched,opa_license,0,,,,,,,opa_license,1950-1979,,-75.065655,40.039251
304 ARCH ST,19106,The National Old City Apartments,+1 215-278-9885,,,26,1890,5,35500,5457000,ATTN: ASI MANAGEMENT,881006399,matched,opa_license,0,,,,,,,opa_license,Pre-1950,,-75.145543,39.951874
7700 OXFORD AVE,19111,,,,,26,1970,2,19440,2698700,BETZ OXFORD CORP,881223900,none,opa_license,0,,,,,,,opa_license,1950-1979,,-75.084483,40.067426
300-50 SAUNDERS AVE,19104,University City Apartments at UPENN / DREXEL / PENN Medicine,+1 215-671-6400,,,26,1920,,19000,644200,PEOPLES EMERGENCY CENTER CDC,886810660,matched,opa_license,0,,,,,,,opa_license,Pre-1950,,-75.199363,39.960003
1411 72ND AVE,19126,Mandela Apartments,+1 215-310-7333,,,25,1955,3,18700,2053300,MOUNT WEST APARTMENTS LP,881054010,matched,opa_license,0,,,,,,,opa_license,1950-1979,,-75.140466,40.063238
4834 N PENN ST,19124,Grand Leiper Apartments,+1 866-488-3650,,,25,1900,3,15273,1548500,PENN STREET EQUITIES LLC,881104620,matched,opa_license,1,0,1,0,0,1095,1095,opa_license,Pre-1950,,-75.083697,40.020106
6800-14 BINGHAM ST,19111,Rising Sun Gardens,+1 215-750-8514,,,25,1962,3,22521,3151200,ROSE ELLIS LLC,881132500,matched,opa_license,0,,,,,,,opa_license,1950-1979,,-75.088906,40.053894
516-26 S 42ND ST,19104,The Linden University City,+1 833-326-0240,,,25,1915,4,32620,7295100,LARCHTON 516 LLC,881123000,matched,opa_license,1,0,1,0,0,1350,1350,opa_license,Pre-1950,,-75.207339,39.948815
6351-55 LANCASTER AVE,19151,6300 CITY AVE,+1 267-885-2858,,,25,1936,4,25656,2708800,LARCHTON 6351 LLC,881126110,matched,opa_license,1,0,1,0,0,1095,1095,opa_license,Pre-1950,,-75.249729,39.986632
910 EMERSON ST,19111,Emerson Flats Apartments,+1 267-703-3589,,,25,1964,2,23228,2418700,YANAT INC,881228400,matched,opa_license,0,,,,,,,opa_license,1950-1979,,-75.072577,40.07547
1050 E MONTGOMERY AVE,19125,The Battery Philadelphia Apartments,+1 833-686-3450,,https://www.susiesellsphiladelphia.com,25,1915,3,30540,2522400,1050 EAST HISTORIC ASSOCIATES LIMITED,881130600,matched,opa_license,2,0,2,0,0,1450,1500,opa_license,Pre-1950,rentcast_api,-75.126776,39.969922
4046-48 CHESTNUT ST,19104,Uno on Chestnut,+1 267-215-3536,,,25,2018,5,34924,7357300,4046-48 CHESTNUT STREET LP,881602505,matched,opa_license,0,,,,,,,opa_license,2010-2019,,-75.204109,39.955571
1523 W GIRARD AVE,19130,The Greenery Apartments,+1 267-530-1047,,,25,1915,4,20942,2511600,1521 GIRARD LP,881070133,matched,opa_license,1,0,0,1,0,1675,1675,opa_license,Pre-1950,,-75.161942,39.972106
152-58 LAUREL ST,19123,Residences at 1 Brown,+1 215-764-5909,,https://www.ocfrealty.com,25,2017,4,20057,5079700,"CAPITAL FLATS II, LLC",881067004,matched,opa_license,8,1,6,1,0,1500,2156,opa_license,2010-2019,rentcast_api,-75.139514,39.964802
4042-44 CHESTNUT ST,19104,Uno on Chestnut,+1 267-215-3536,,,25,2015,5,34944,6756700,4042-44 CHESTNUT ST LP,881602350,matched,opa_license,0,,,,,,,opa_license,2010-2019,,-75.203933,39.955547
5926 BUSTLETON AVE,19149,,,,,25,1965,3,12244,1635100,WEISBORD DANIEL,881221100,none,opa_license,0,,,,,,,opa_license,1950-1979,,-75.074371,40.029434
15-25 S 61ST ST,19139,Chestnut Park Apartments,+1 215-515-4012,,,25,1900,,28000,525600,VON LOUHR PARTNERSHIP,886810850,matched,opa_license,0,,,,,,,opa_license,Pre-1950,,-75.242565,39.961619
4824-34 PINE ST,19143,Olympic Tower Apartments,+1 215-536-3555,,,25,1925,4,15744,2214200,NPDF PINE ASSOCIATES LP,881143915,matched,opa_license,0,,,,,,,opa_license,Pre-1950,,-75.219387,39.952435
2300 HARTEL AVE,19152,Northeast Apartments,+1 215-333-5522,,,25,1964,3,23542,2417500,NORTHEAST APARTMENT ASSOCIATION LP,881171800,matched,opa_license,0,,,,,,,opa_license,1950-1979,,-75.053493,40.054682
4317-21 SPRUCE ST,19104,Fairfax Apartments,+1 267-332-1996,,,24,1930,3,16950,3892800,RECTOR STREET ASSOCIATES LP,881122200,matched,opa_license,1,0,0,1,0,1915,1915,opa_license,Pre-1950,,-75.209869,39.952977
438-48 MEMPHIS ST,19125,The Chesterman Building,+1 215-701-9110,,,24,2019,5,23990,4813200,438 PARTNERS LLC,881426804,matched,opa_license,0,,,,,,,opa_license,2010-2019,,-75.131146,39.974298
5728 COTTAGE ST,19135,Cottage Street Apartments,+1 267-866-7117,,,24,1987,3,14000,3150000,LODEN STEVEN,881221400,matched,opa_license,1,0,1,0,0,1295,1295,opa_license,1980-1999,,-75.065366,40.019443
7200-06 CRITTENDEN ST,19119,Wiltshire Arms Apartments,+1 215-709-2777,,,24,1960,3,16636,2137400,"WILTSHIRE LCP, LLC",881044020,matched,opa_license,0,,,,,,,opa_license,1950-1979,,-75.183503,40.067714
3221 SPRING GARDEN ST,19104,University City Philadelphia Apartments,+1 267-219-5949,,,24,2014,5,23535,5862700,"3221 SPRING GARDEN VENTURES, LP",881040632,matched,opa_license,0,,,,,,,opa_license,2010-2019,,-75.189459,39.963456
370 W JOHNSON ST,19144,Wood Norton Apartment Homes,+1 855-850-9714,,http://mgmtresidential.com,24,2022,6,50112,8505500,JOHNSON STREET HOLDINGS LLC,881000409,matched,opa_license,3,0,0,3,0,1745,2095,opa_license,2020+,rentcast_api,-75.189335,40.038243
13651-71 PHILMONT AVE,19116,Station Walk Apartments,+1 215-673-8330,,,24,1970,3,50170,10557700,"REAL PROPERTIES, MGR J. LIPNER",881205500,matched,opa_license,0,,,,,,,opa_license,1950-1979,,-75.009919,40.131743
2707 STANWOOD ST,19152,Stanwood 2707,+1 267-715-9580,,,24,1964,3,15402,2114600,MICHAEL V SCALZO,881224600,matched,opa_license,2,1,1,0,0,1155,1200,opa_license,1950-1979,,-75.043454,40.056915
118-20 N 50TH ST,19139,Dunlap Apartments,+1 215-508-2212,,,24,1925,3,11040,1933500,1975,881143300,matched,opa_license,0,,,,,,,opa_license,Pre-1950,,-75.220797,39.961815
1822-26 W TIOGA ST,19140,Tioga Garden Apartments,+1 215-392-2345,,,24,2017,,31660,590400,1822 HOUSING LP,886820000,matched,opa_license,0,,,,,,,opa_license,2010-2019,,-75.159337,40.006705
1629 W GIRARD AVE,19130,The Greenery Apartments,+1 267-530-1047,,,24,2017,4,16572,2427600,GLASBERG ALON,881070138,matched,opa_license,0,,,,,,,opa_license,2010-2019,,-75.163624,39.972325
1636-54 W FLORA ST,19121,The Greenery Apartments,+1 267-530-1047,,https://brynmawr.yourkwoffice.com,24,2017,4,17816,2594700,GLASBERG ALON,881070136,matched,opa_license,2,1,0,1,0,1285,2240,opa_license,2010-2019,rentcast_api,-75.163874,39.972503
7840 HASBROOK AVE,19111,Fox Chase Place Apartments,+1 267-356-5022,,,24,1975,3,18192,2178700,ACITELLI ALDO,881223700,matched,opa_license,0,,,,,,,opa_license,1950-1979,,-75.085338,40.073585
4040 OGDEN ST,19104,,,,,24,1950,2,13000,1272800,MARLEY LP,881420401,none,opa_license,1,0,0,1,0,1500,1500,opa_license,1950-1979,,-75.204895,39.969137
1912-30 N 4TH ST,19122,The Gotham,+1 445-270-1267,,,24,1998,,3000,525600,"PARTNERSHIP PRESERVATION ASSOCIATES, L.P.",886604101,matched,opa_license,0,,,,,,,opa_license,1980-1999,,-75.141147,39.980226
4100-02 PARKSIDE AVE,19104,The Brantwood II,+1 215-877-3377,,,24,1917,4,21298,2043100,4102 PARKSIDE LP,881820305,matched,opa_license,2,0,1,1,0,1225,1375,opa_license,Pre-1950,,-75.207108,39.975011
4537 SPRUCE ST,19139,"Manor Flats off Sansom, University City, Philly, New Luxury Apartment Rentals",+1 732-351-2567,,,24,1905,3,15552,2036800,DEBRO INVESTMENTS,881145530,matched,opa_license,0,,,,,,,opa_license,Pre-1950,,-75.213821,39.953361
2607 WELSH RD,19114,Joshua House Apartments,+1 866-425-2577,,,24,1972,3,283262,47746100,HERITAGE ASSOCIATES PRTSHP,881189500,matched,opa_license,1,0,1,0,0,1250,1250,opa_license,1950-1979,,-75.027801,40.06921
5926 GREENE ST,19144,The Lennox Apartments,+1 215-650-6530,,,24,1950,3,21600,2086300,GREENE ASSOCIATES LLC,881211700,matched,opa_license,0,,,,,,,opa_license,1950-1979,,-75.180421,40.036139
1730-36 TEESDALE ST,19111,The LORD’s Way,+1 215-989-1899,,,24,1960,3,19350,2203600,WESLEY HALL-THE LORDS WAY AGT,881171520,matched,opa_license,0,,,,,,,opa_license,1950-1979,,-75.069631,40.053976
1720-30 COTTMAN AVE,19111,The LORD’s Way,+1 215-989-1899,,,24,1960,3,16530,3574700,THE LORD'S WAY CORP,881163410,matched,opa_license,0,,,,,,,opa_license,1950-1979,,-75.07062,40.053414
10714-20 HALDEMAN AVE,19116,Haldeman Manor Apartments,+1 267-361-1968,,,24,1964,3,42400,9000300,HALDEMAN MANOR ASSOCIATES LP,881203500,matched,opa_license,0,,,,,,,opa_license,1950-1979,,-75.011335,40.100448
1307 SPRUCE ST,19107,1316 Pine Street Apartments,+1 267-432-7288,,,24,1925,4,11660,3896300,WM PENN REALTY GROUP AGENT,881013510,matched,opa_license,3,2,0,1,0,350,2445,opa_license,Pre-1950,,-75.162962,39.947056
4807 CHESTER AVE,19143,University Court on Chester Apartments,+1 215-921-5486,,,24,1925,3,37800,2264400,NEW HORIZONS WEST END LLC,881143950,matched,opa_license,2,0,0,2,0,2400,2400,opa_license,Pre-1950,,-75.216054,39.944913
6521 BELFIELD AVE,19119,Willow Bend Apartments,+1 844-559-1587,,,24,1925,2,18978,1933000,SPRAGUE CT APTS LLC,881095500,matched,opa_license,0,,,,,,,opa_license,Pre-1950,,-75.175918,40.056595
6660 SPRAGUE ST,19119,Blakemore Apartments Complex,,,,24,1950,2,18638,2078900,SPRAGUE CT APTS LLC,881097000,matched,opa_license,0,,,,,,,opa_license,1950-1979,,-75.178826,40.058593
6523 BUSTLETON AVE,19149,,,,,24,1962,3,12800,2606400,ZAFAR AND FAISAL REAL ESTATE,881169600,none,opa_license,0,,,,,,,opa_license,1950-1979,,-75.068063,40.03739
5006-08 N PENN ST,19124,Willows Apartments,+1 215-267-8026,,,24,1920,3,13940,1550600,ROSE ELLIS LLC,881222325,matched,opa_license,0,,,,,,,opa_license,Pre-1950,,-75.082294,40.021627
7527-33 THOURON AVE,19150,Elkins Court Apartments,,,,24,1959,3,18500,2000400,ELKINS APT PARTNERS L P,881151900,matched,opa_license,1,0,0,1,0,1400,1400,opa_license,1950-1979,,-75.161557,40.067543
428-30 S 13TH ST,19147,1316 Pine Street Apartments,+1 267-432-7288,,,24,1900,5,22112,4613300,LEVIN ALVIN M,881010000,matched,opa_license,3,3,0,0,0,1495,1495,opa_license,Pre-1950,,-75.163428,39.944548
1220-24 SANSOM ST,19107,The Collins Apartments,+1 267-881-0177,,https://www.maxwellrealty.com,24,1920,12,42240,5758500,1220 SANSOM STREET ASSOCIATES,881011050,matched,opa_license,2,0,0,2,0,2475,2690,opa_license,Pre-1950,rentcast_api,-75.161478,39.949602
2000-16 N 15TH ST,19121,W Living,+1 833-473-6833,,,24,2000,3,22491,2080300,DIAMOND PARK ,881299010,matched,opa_license,0,,,,,,,opa_license,2000-2009,,-75.158873,39.983695
1700-08 W SUSQUEHANNA AVE,19121,Westmont Village Apartments,+1 215-445-3751,,,24,1985,3,28500,1822100,PARTNERSHIP FOR URBAN HOUSING DEV INC,881299000,matched,opa_license,0,,,,,,,opa_license,1980-1999,,-75.161445,39.986691
1015-23 AFTON ST,19111,Downing Apartments,+1 267-518-8355,,,23,1962,3,20230,2111700,SUSTAIN REALTY LLC AGENT,881224100,matched,opa_license,0,,,,,,,opa_license,1950-1979,,-75.078535,40.065872
5424 RISING SUN AVE,19120,Mar Y Sol Apts.,+1 215-457-2100,,,23,1960,3,26208,1994900,METAL GROUP INC,881131400,matched,opa_license,0,,,,,,,opa_license,1950-1979,,-75.116832,40.032707
1865-67 WELSH RD,19115,St. Laurent Apartments,+1 215-969-6623,,,23,1971,2,137168,19778300,M D G ASSOCIATES,881181000,matched,opa_license,0,,,,,,,opa_license,1950-1979,,-75.036092,40.08249
1813 N HOWARD ST,19122,Parkside Fishtown,+1 215-501-7902,,,23,1880,5,20000,4263900,1813 N HOWARD LLC,881001399,matched,opa_license,5,0,4,1,0,1495,2345,opa_license,Pre-1950,,-75.134446,39.977996
26-30 S 22ND ST,19103,2400 Chestnut,+1 215-561-2700,,,23,1880,3,13284,3509100,CENTRA ASSOCIATES,881034010,matched,opa_license,0,,,,,,,opa_license,Pre-1950,,-75.177233,39.953082
1340-48 S 13TH ST,19147,Wharton Street Lofts,+1 855-998-0320,,,23,2018,3,24320,4628300,13TH AND REED LLC,881133148,matched,opa_license,1,0,1,0,0,1950,1950,opa_license,2010-2019,,-75.165952,39.932859
2007 HOPE ST,19122,Parkside Fishtown,+1 215-501-7902,,,23,2016,3,28000,3630300,ACG HOPE STREET LLC,881069510,matched,opa_license,1,0,1,0,0,1425,1425,opa_license,2010-2019,,-75.133384,39.980605
2027-31 RHAWN ST,19152,,,,,23,1960,3,10125,1573700,BROTMAN ENTERPRISES LLC,881174010,none,opa_license,0,,,,,,,opa_license,1950-1979,,-75.054752,40.061335
6631 SPRAGUE ST,19119,Ardleigh Gardens Apartments,+1 267-415-4064,,,23,1950,2,16590,2029000,SPRAGUE CT APTS LLC,881097400,matched,opa_license,1,0,1,0,0,1125,1125,opa_license,1950-1979,,-75.176827,40.058082
3591 CRESSON ST,19129,Ravenswood Apartments,+1 215-563-5880,,,23,1965,3,22680,2328000,GREENZANG PROPERTIES LLC,881136800,matched,opa_license,0,,,,,,,opa_license,1950-1979,,-75.199148,40.014339
8201 PINE RD,19111,Fox Chase Gardens,+1 215-779-4815,,,23,1965,2,73496,9475100,CUTLER & CUTLER LP,881223500,matched,opa_license,0,,,,,,,opa_license,1950-1979,,-75.081182,40.080252
4036-38 WALNUT ST,19104,Campus Apartments Philadelphia,+1 215-382-1300,,,23,1924,3,16420,2824200,SIMON ASSOCIATES LIMITED,881120915,matched,opa_license,0,,,,,,,opa_license,Pre-1950,,-75.204456,39.953932
4042 SPRUCE ST,19104,Fairfax Apartments,+1 267-332-1996,,,23,1880,4,4400,958100,KARP MICHAEL,881604810,matched,opa_license,1,1,0,0,0,1100,1100,opa_license,Pre-1950,,-75.204958,39.951668
8112 PINE RD,19111,Fox Chase Gardens,+1 215-779-4815,,,23,1960,3,15661,2360800,EASTER APARTMENTS INC,881223400,matched,opa_license,0,,,,,,,opa_license,1950-1979,,-75.082529,40.080159
1500-02 PINE ST,19102,Westbury Apartments,+1 215-267-4027,,,22,1920,10,45500,9518400,UNIVERSITY OF THE ARTS,881529980,matched,opa_license,1,1,0,0,0,1700,1700,opa_license,Pre-1950,,-75.166991,39.945543
5800 N 16TH ST,19141,Regency Village Apartments,+1 267-704-9553,,,22,1920,4,11506,1717100,GRANGE APARTMENTS LP,881074010,matched,opa_license,0,,,,,,,opa_license,Pre-1950,,-75.147216,40.041818
4605 LEIPER ST,19124,Grand Leiper Apartments,+1 866-488-3650,,,22,1961,3,10134,1277800,ROSE ELLIS LLC,881104100,matched,opa_license,1,1,0,0,0,870,870,opa_license,1950-1979,,-75.087658,40.016149
5719 COTTAGE ST,19135,Cottage Street Apartments,+1 267-866-7117,,,22,1967,3,17517,1530500,COTTAGE STREET INVESTMENTS LLC,881221300,matched,opa_license,0,,,,,,,opa_license,1950-1979,,-75.064769,40.018781
1030-40 N AMERICAN ST,19123,The Fountain Building,+1 267-682-6130,,,22,2005,3,33231,5919500,LIBERTIES WALK ASSOCIATES LP,881006655,matched,opa_license,0,,,,,,,opa_license,2000-2009,,-75.14124,39.967116
17-23 BANK ST,19106,Chancery Lane Apartments,+1 267-499-4887,,,22,1870,4,16900,2529700,"RITTENHOUSE PORTFOLIO ASSOCIATES, LLC",881005480,matched,opa_license,0,,,,,,,opa_license,Pre-1950,,-75.144945,39.949137
5015-25 WARRINGTON AVE,19143,Florence Flats,+1 215-508-2212,,,22,2018,3,25242,3434600,ACG GM VENTURES 5015 WARRINGTON LLC,881155109,matched,opa_license,0,,,,,,,opa_license,2010-2019,,-75.221236,39.94521
3862-68 LANCASTER AVE,19104,University City Apartments at UPENN / DREXEL / PENN Medicine,+1 215-671-6400,,,22,2014,4,22741,3156300,"PINCUS LOFTS, LP",881111340,matched,opa_license,0,,,,,,,opa_license,2010-2019,,-75.199721,39.961288
407-13 N 40TH ST,19104,University City Apartments at UPENN / DREXEL / PENN Medicine,+1 215-671-6400,,,22,2014,3,34680,3911700,"407-413 N. 40TH STREET, LP",881161701,matched,opa_license,1,0,0,1,0,2175,2175,opa_license,2010-2019,,-75.201751,39.960707
2152-58 E DAUPHIN ST,19125,Metal Works Apartments,+1 855-910-6222,,,22,1920,4,27000,3498300,TIMPEL TROY,881608951,matched,opa_license,0,,,,,,,opa_license,Pre-1950,,-75.128441,39.979928
1775 W GODFREY AVE,19141,Godfrey Arms,+1 267-609-9202,,,22,1965,3,19959,1389700,FERNROCK APARTMENTS 2 LP,881150950,matched,opa_license,0,,,,,,,opa_license,1950-1979,,-75.148652,40.048527
8401 TORRESDALE AVE,19136,Marsden Place,+1 215-608-3600,,,22,1974,2,16873,2011900,PODY HUGO C  & ANTOINETTE,881191850,matched,opa_license,0,,,,,,,opa_license,1950-1979,,-75.014876,40.040262
6649 N 16TH ST,19126,Jjy Apartments,+1 561-275-6429,,,22,1967,3,13800,1814700,JJY PROPERTY MANAGEMENT LLC,881053310,matched,opa_license,1,0,1,0,0,950,950,opa_license,1950-1979,,-75.143991,40.055247
7317 GREENHILL RD,19151,,,,,22,1961,2,23020,2274000,LENNY FEINBERG,881125900,none,opa_license,0,,,,,,,opa_license,1950-1979,,-75.266915,39.979644
3312-18 HAMILTON ST,19104,Carriage House,+1 267-791-1300,,,22,1920,4,14360,2762900,HAMILTON STREET APARTMENT PARTNERS LLC,881108900,matched,opa_license,2,1,1,0,0,1050,1350,opa_license,Pre-1950,,-75.190813,39.961998
4732-34 E ROOSEVELT BLVD,19124,Boulevard Gardens,+1 267-633-3088,,,22,1930,3,13233,1504000,BOULEVARD HOLDINGS LLC,881104050,matched,opa_license,0,,,,,,,opa_license,Pre-1950,,-75.097145,40.027305
7100-10 OXFORD AVE,19111,Oxford Towers Apartments,+1 814-517-7480,,,22,1963,3,42534,6746100,PENN MANOR APARTMENTS LP,881133500,matched,opa_license,0,,,,,,,opa_license,1950-1979,,-75.086191,40.057714
4415 DECATUR ST,19136,,,,,22,1960,3,11300,1765900,JM GREENE MGT AGT,881225231,none,opa_license,0,,,,,,,opa_license,1950-1979,,-75.027063,40.03676
1751 WELSH RD,19115,Grant 1700,+1 267-651-1823,,,22,1973,2,19461,2110300,STERIN GENE,881195000,matched,opa_license,1,0,1,0,0,1425,1425,opa_license,1950-1979,,-75.038585,40.085279
4405 DECATUR ST,19136,,,,,22,1960,3,11300,1765900,JM GREENE MGT AGT,881225220,none,opa_license,0,,,,,,,opa_license,1950-1979,,-75.027312,40.03711
6601-23 BELFIELD AVE,19119,Ardleigh Gardens Apartments,+1 267-415-4064,,,22,1930,2,15992,1788200,SPRAGUE CT APTS LLC,881096000,matched,opa_license,0,,,,,,,opa_license,Pre-1950,,-75.176341,40.05712
185 E WALNUT LN,19144,Morelane Gardens Apartments,+1 215-848-1778,,,22,1959,3,21900,2337500,KRR PROPERTIES INC,881211020,matched,opa_license,0,,,,,,,opa_license,1950-1979,,-75.17513,40.04425
305-07 S 40TH ST,19104,Luna on Pine,+1 888-609-1171,,,22,1925,3,15300,2958700,C/O CAMPUS APARTMENTS,881121125,matched,opa_license,1,0,1,0,0,1285,1285,opa_license,Pre-1950,,-75.202954,39.95092
2801 S RANDOLPH ST,19148,Apartment,,,,22,1985,2,9496,2152000,ATTN: REAL ESTATE,881444400,matched,opa_license,0,,,,,,,opa_license,1980-1999,,-75.157552,39.913575
4000 PINE ST,19104,Luna on Pine,+1 888-609-1171,,,22,1920,3,9825,2246800,SIMON ASSOCIATES*,881606800,matched,opa_license,0,,,,,,,opa_license,Pre-1950,,-75.204255,39.950492
2032-42 S JUNIPER ST,19148,Brush Factory Lofts,+1 215-982-2521,,,22,1930,3,21600,3302600,JUNIPER PROPERTIES LP,881137525,matched,opa_license,0,,,,,,,opa_license,Pre-1950,,-75.168647,39.924631
8229-31 LEON ST,19136,Creekview Terrace,+1 267-219-8245,,,22,1940,3,13260,2175300,LINDA MANOR INC,881225400,matched,opa_license,0,,,,,,,opa_license,Pre-1950,,-75.023534,40.045303
508-14 S 42ND ST,19104,The Linden University City,+1 833-326-0240,,,22,1950,6,41000,4067700,UNIVERSITY OF THE SCIENCES IN PHILA,881822580,matched,opa_license,1,0,1,0,0,1350,1350,opa_license,1950-1979,,-75.207599,39.94923
6201 N PARK AVE,19141,Academia Suites Apartments,+1 844-749-8802,,,22,1950,3,17898,1866800,PARK MANOR 2006 LP,881074300,matched,opa_license,0,,,,,,,opa_license,1950-1979,,-75.141292,40.047879
900 E JOHNSON ST,19138,Willow Bend Apartments,+1 844-559-1587,,,22,1960,3,64344,5910400,GRO MARR APTS,881094000,matched,opa_license,0,,,,,,,opa_license,1950-1979,,-75.173258,40.054045
4416-18 OSAGE AVE,19104,The Linden University City,+1 833-326-0240,,,21,1930,4,17600,2461900,NEW HORIZONS WEST LANE LLC,881122900,matched,opa_license,0,,,,,,,opa_license,Pre-1950,,-75.211888,39.95074
625 VERNON RD,19119,Crittenden Manor Apartments,+1 215-842-2500,,,21,1937,4,18874,2361800,625 VERNON ROAD LP,881210007,matched,opa_license,7,0,7,0,0,1175,1295,opa_license,Pre-1950,,-75.177833,40.061889
4534-36 SPRUCE ST,19139,Spruce Square,+1 215-246-0606,,http://tcsgroup.com,21,2018,4,15000,4790900,HIGHTOP SPRUCE LLC,881446700,matched,opa_license,3,0,0,3,0,2500,2550,opa_license,2010-2019,rentcast_api,-75.213972,39.95281
3105-07 HAMILTON ST,19104,University City Philadelphia Apartments,+1 267-219-5949,,https://www.newagerealtygroup.com,21,2013,3,17907,4868800,UNIVERSITY REALTY LLC,881142860,matched,opa_license,1,0,0,1,0,1495,1495,opa_license,2010-2019,rentcast_api,-75.187673,39.962952
851 E GODFREY AVE,19124,,,,,21,1964,3,15910,1523800,L & N INVESTMENT LLC,881129300,none,opa_license,0,,,,,,,opa_license,1950-1979,,-75.093716,40.031974
8248-50 ROCKWELL AVE,19111,Fox Chase Park Apartments,+1 215-267-5444,,,21,1963,3,32814,3768300,GOLD SERVICE DEVELOPMENT LP,881223559,matched,opa_license,1,1,0,0,0,995,995,opa_license,1950-1979,,-75.081866,40.08278
9633 BUSTLETON AVE,19115,Chapelcroft Apartments,+1 267-459-8489,,,21,1960,3,20400,2505600,LEL GROUP LLC,881198500,matched,opa_license,0,,,,,,,opa_license,1950-1979,,-75.034565,40.087687
4105-07 SPRUCE ST,19104,Fairfax Apartments,+1 267-332-1996,,,21,1961,3,18720,3418600,UNIVERSITY CITY ASSOCIATES,881121100,matched,opa_license,0,,,,,,,opa_license,1950-1979,,-75.205995,39.952491
3539-41 LOCUST WALK,19104,The Chestnut,+1 833-876-4829,,,21,1915,3,12560,1769900,PHI KAPPA SIGMA FRAT,881331300,matched,opa_license,0,,,,,,,opa_license,Pre-1950,,-75.194798,39.952193
2201-19 LANSING ST,19152,Northeast Apartments,+1 215-333-5522,,,20,1964,2,19595,2369100,LANSING LLC ,881172501,matched,opa_license,0,,,,,,,opa_license,1950-1979,,-75.055466,40.054912
1008-14 AFTON ST,19111,Downing Apartments,+1 267-518-8355,,,20,1962,3,15570,1736700,SUSTAIN REALTY LLC AGENT,881226500,matched,opa_license,0,,,,,,,opa_license,1950-1979,,-75.07915,40.065647
7605-15 RISING SUN AVE,19111,Downing Apartments,+1 267-518-8355,,,20,1961,3,16593,1581200,SUSTAIN AFTON LP,881132100,matched,opa_license,3,0,2,1,0,1180,1640,opa_license,1950-1979,,-75.07948,40.06582
901-03 N 63RD ST,19151,Overbrook Tower,+1 267-219-8690,,,20,1928,5,17920,2008400,SUSTAIN N63RD LP,881125725,matched,opa_license,0,,,,,,,opa_license,Pre-1950,,-75.245689,39.978518
1716 N 5TH ST,19122,Studiohouse,+1 267-808-2757,,,20,1915,4,42560,2401600,AGT:DANIEL J LASDON,881066608,matched,opa_license,1,0,0,1,0,1550,1550,opa_license,Pre-1950,,-75.143851,39.977458
905-11 E CLIVEDEN ST,19119,Willow Bend Apartments,+1 844-559-1587,,,20,1960,3,14016,1666100,905 CLIVEDEN LLLC,881094200,matched,opa_license,5,0,5,0,0,1025,1295,opa_license,1950-1979,,-75.174576,40.05601
1844-50 N 18TH ST,19121,Cherry Commons,+1 443-488-1035,,,20,2012,4,19316,2285000,1850 HOLDINGS LLC,881146610,matched,opa_license,0,,,,,,,opa_license,2010-2019,,-75.163927,39.982398
6021-23 N PARK AVE,19141,Eli Court,+1 267-930-1269,,,20,1960,2,13824,1138100,ELKAIM ERIC,881150540,matched,opa_license,0,,,,,,,opa_license,1950-1979,,-75.141976,40.044841
3431 SPRING GARDEN ST,19104,Springline on 36th Apartments,+1 215-921-5486,,,20,1900,3,9882,2317600,3412 SPRING GARDEN PARTNERS,881108177,matched,opa_license,1,1,0,0,0,990,990,opa_license,Pre-1950,,-75.192695,39.96297
1209-13 S 58TH ST,19143,,,,,20,1927,4,18800,1593400,OMINIRA LLC,881155120,none,opa_license,2,0,2,0,0,895,895,opa_license,Pre-1950,,-75.23723,39.943715
8433-35 TORRESDALE AVE,19136,Marsden Place,+1 215-608-3600,,,20,1966,2,6718,1069900,OVRUTSKY BORIS,881191950,matched,opa_license,0,,,,,,,opa_license,1950-1979,,-75.013717,40.040752
1021-27 W SPENCER AVE,19141,Stevenson Terrace Apartments,+1 215-548-5737,,,20,1962,2,13805,1062300,FERNROCK APARTMENTS LP,881150850,matched,opa_license,0,,,,,,,opa_license,1950-1979,,-75.137426,40.045382
8214 FRANKFORD AVE,19136,Creekview Terrace,+1 267-219-8245,,,20,1960,3,12789,2050300,JS INVESTMENTS GROUP LLC,881231701,matched,opa_license,0,,,,,,,opa_license,1950-1979,,-75.02354,40.043512
6433 N BROAD ST,19126,Broad Plaza Apartments,+1 215-548-0469,,,20,1928,4,24640,2077300,GAUDENZIA FOUNDATION,881150545,matched,opa_license,0,,,,,,,opa_license,Pre-1950,,-75.141662,40.050911
2813-15 W QUEEN LN,19129,Carlton Park Apartments,+1 267-297-7980,,,20,1925,3,12226,2314700,ROSAS REINALDO & LARA,881135990,matched,opa_license,0,,,,,,,opa_license,Pre-1950,,-75.179412,40.021944
1661-63 HARRISON ST,19124,yarn lofts apartment,,,,20,1925,3,16950,1249000,FREMCO ASSOC,881103200,matched,opa_license,0,,,,,,,opa_license,Pre-1950,,-75.0795,40.018371
1334-36 WALNUT ST,19107,Westbury Apartments,+1 215-267-4027,,,20,1890,7,19418,4089600,1334 WALNUT ST PARTNERS,881012210,matched,opa_license,0,,,,,,,opa_license,Pre-1950,,-75.163643,39.949052
8414 TORRESDALE AVE,19136,Marsden Place,+1 215-608-3600,,,20,1964,3,15498,2096900,MASTERS REALTY INC,881191900,matched,opa_license,0,,,,,,,opa_license,1950-1979,,-75.014939,40.040943
834 PINE ST,19107,The Bradford Apartments,+1 267-764-2994,,,20,1860,5,15554,3946300,CM 401 LP,881011725,matched,opa_license,0,,,,,,,opa_license,Pre-1950,,-75.156564,39.944207
6630 SPRAGUE ST,19119,Ardleigh Gardens Apartments,+1 267-415-4064,,,20,1950,2,15848,1855500,SPRAGUE CT APTS LLC,881097200,matched,opa_license,0,,,,,,,opa_license,1950-1979,,-75.177264,40.05761
4230 W THOMPSON ST,19104,Stephen Smith Towers Apartments,+1 215-878-9560,,,20,1997,,11036,438000,"PARTNERSHIP PRESERVATION ASSOCIATES, L.P.",886810138,matched,opa_license,0,,,,,,,opa_license,1980-1999,,-75.211348,39.974575
1016-18 CHERRY ST,19107,The Warehouse Apartments,+1 215-241-0200,,,20,1900,8,25104,3220500,JENG CORP,881010210,matched,opa_license,0,,,,,,,opa_license,Pre-1950,,-75.156877,39.9544
8208-10 PINE RD,19111,Fox Chase Gardens,+1 215-779-4815,,,19,1973,2,17983,2295100,PINE ROAD COURT,881223600,matched,opa_license,0,,,,,,,opa_license,1950-1979,,-75.082338,40.080593
1028-42 E LYCOMING ST,19124,Academy Meadow,+1 215-770-8874,,,19,1970,2,16000,1408800,CHOICE RENTALS LLC,881125205,matched,opa_license,0,,,,,,,opa_license,1950-1979,,-75.107449,40.009549
2499 N 50TH ST,19131,Bala Apartments,+1 267-805-5211,,,19,1925,3,18048,1976000,MICHAEL WOODWARD AGT,881155830,matched,opa_license,0,,,,,,,opa_license,Pre-1950,,-75.227935,40.000291
1515-17 N 16TH ST,19121,The Greenery Apartments,+1 267-530-1047,,,19,2015,4,25000,4077200,1515 N 16TH STREET LLC,881146595,matched,opa_license,1,1,0,0,0,800,800,opa_license,2010-2019,,-75.161235,39.976801
5001-11 OXFORD AVE,19124,Oxford Gardens,+1 215-310-7333,,,19,1928,4,18000,1517200,ELKAIM ERIC,881220600,matched,opa_license,0,,,,,,,opa_license,Pre-1950,,-75.084156,40.022696
333 EARP ST,19147,Mt Sinai Apartments,+1 215-336-5100,,,19,1920,4,37418,3337600,333 EARP HOLDINGS LLC,881500333,matched,opa_license,0,,,,,,,opa_license,Pre-1950,,-75.150773,39.931483
223-27 N 63RD ST,19139,Carlton Arms Apartments,+1 215-774-5875,,,19,1929,3,15633,2376500,RB CARLTON ARMS LLC,881125710,matched,opa_license,0,,,,,,,opa_license,Pre-1950,,-75.245518,39.966484
411-37 N 34TH ST,19104,Springline on 36th Apartments,+1 215-921-5486,,,19,2014,3,29223,5031100,UNIVERSITY REALTY LLC,881812250,matched,opa_license,0,,,,,,,opa_license,2010-2019,,-75.191121,39.962574
2313-15 WALNUT ST,19103,2400 Chestnut,+1 215-561-2700,,,19,1890,3,9457,3571200,STUDIO VILLAGE ASSOC LP,881028850,matched,opa_license,0,,,,,,,opa_license,Pre-1950,,-75.179191,39.951412
4900-08 PINE ST,19143,Olympic Tower Apartments,+1 215-536-3555,,,19,1937,3,15453,2522500,KOPEL ELLIOT,881214700,matched,opa_license,1,0,0,1,0,1495,1495,opa_license,Pre-1950,,-75.220613,39.9526
1859 HARTRANFT ST,19145,Bella Vita Apartments,,,,19,1962,3,11600,1880200,DELANCEY PACKER PARK ASSOCIATES LP,881114900,matched,opa_license,0,,,,,,,opa_license,1950-1979,,-75.180556,39.90931
6250 EASTWICK AVE,19142,Inglis Apartments At Elmwood,+1 215-726-8420,,,19,2010,,25571,416100,HELP PA AFFORDABLE HOUSING I LP,886617100,matched,opa_license,0,,,,,,,opa_license,2010-2019,,-75.22203,39.920172
1725-39 HOFFNAGLE ST,19152,Pearl Gate Apartments,+1 267-641-6892,,,19,1963,3,13230,1538100,WESLEY HALL-THE LORDS WAY AGT,881174200,matched,opa_license,0,,,,,,,opa_license,1950-1979,,-75.056649,40.067988
30-32 N 3RD ST,19106,The National Old City Apartments,+1 215-278-9885,,,19,1845,5,21847,3531100,SAS WISTAR ALLEY L P,881006140,matched,opa_license,0,,,,,,,opa_license,Pre-1950,,-75.145803,39.951143
309-11 S 40TH ST,19104,Luna on Pine,+1 888-609-1171,,,19,1925,3,15280,2972900,C/O CAMPUS APARTMENTS,881121130,matched,opa_license,0,,,,,,,opa_license,Pre-1950,,-75.202981,39.950786
4029-31 WALNUT ST,19104,Campus Apartments Philadelphia,+1 215-382-1300,,,19,1926,3,12000,2205600,SIMON ASSOCIATES*,881120910,matched,opa_license,0,,,,,,,opa_license,Pre-1950,,-75.20401,39.954594
10150 BRIDLE RD,19116,Kentwood Apartments,+1 215-673-9414,,,19,1962,3,12000,1989900,KENTWOOD ASSOCIATES INC,881205700,matched,opa_license,0,,,,,,,opa_license,1950-1979,,-75.029441,40.108899
1204 CHESTNUT ST,19107,The Collins Apartments,+1 267-881-0177,,,18,1900,5,15052,3890300,1204 CHESTNUT ST LLC,881301950,matched,opa_license,2,2,0,0,0,1475,1475,opa_license,Pre-1950,,-75.160588,39.950162
2605-21 N MARSHALL ST,19133,Dorado Village,+1 215-225-3511,,,18,1983,2,23350,1184800,THE DORADO VENTURE,886608700,matched,opa_license,0,,,,,,,opa_license,1980-1999,,-75.142914,39.991585
1601-07 W GIRARD AVE,19130,The Greenery Apartments,+1 267-530-1047,,,18,1900,3,13200,700000,CALCUTTA HOUSE,881444500,matched,opa_license,0,,,,,,,opa_license,Pre-1950,,-75.162862,39.9722
818-20 CHESTNUT ST,19107,The Ledger Residences by Sosuite - Old City,+1 833-533-4371,,,18,1900,4,26617,2219700,POSEL ENTERPRISES,881301120,matched,opa_license,0,,,,,,,opa_license,Pre-1950,,-75.154742,39.94932
4818-30 COMLY ST,19135,,,,,18,1973,2,11825,1243900,COMHEG LLC,881142850,none,opa_license,0,,,,,,,opa_license,1950-1979,,-75.058195,40.015882
1906-22 TREMONT ST,19115,St. Regis Apartment,+1 215-677-0800,,,18,1974,3,23112,2244400,GREEN TERRACE NORTH REALTY CO,881179600,matched,opa_license,0,,,,,,,opa_license,1950-1979,,-75.039655,40.074403
5712-18 WEYMOUTH ST,19120,Weymouth Court Apartments Homes,+1 267-866-7117,,,18,1963,3,14478,1591800,WEYMOUTH HOLDINGS LLC,881129625,matched,opa_license,0,,,,,,,opa_license,1950-1979,,-75.10913,40.044469
751 ADAMS AVE,19124,,,,,18,1933,3,19256,1421300,NGOV KIM HOUT,881131003,none,opa_license,0,,,,,,,opa_license,Pre-1950,,-75.105235,40.031956
339-49 S 13TH ST,19107,1316 Pine Street Apartments,+1 267-432-7288,,,18,1920,4,12352,3599700,RENZI III NICHOLAS ,881009575,matched,opa_license,0,,,,,,,opa_license,Pre-1950,,-75.162732,39.945449
8126-32 BUSTLETON AVE,19152,,,,,18,1960,3,8240,1556900,JS INVESTMENTS GROUP LLC,881170650,none,opa_license,0,,,,,,,opa_license,1950-1979,,-75.052076,40.062416
5200 N 11TH ST,19141,York House Apartments,+1 844-252-3134,,,18,1925,4,8066,1227500,"WINDRIM MANOR APARTMENTS, LLC",881150520,matched,opa_license,1,0,1,0,0,672,672,opa_license,Pre-1950,,-75.141109,40.031711
2017-19 N FRONT ST,19122,Parkside Fishtown,+1 215-501-7902,,http://www.cbpref.com/edwardellenberg,18,1910,2,19430,2258500,TVC PA 2017 FRONT STREET,881068905,matched,opa_license,2,0,2,0,0,1550,1650,opa_license,Pre-1950,rentcast_api,-75.132627,39.980655
2029 MONTROSE ST,19146,,,,,18,1940,4,21085,3377700,CASA VERDE LLC,881114800,none,opa_license,0,,,,,,,opa_license,Pre-1950,,-75.176842,39.940962
3912-14 SPRUCE ST,19104,Luna on Pine,+1 888-609-1171,,,18,1915,3,7114,1517000,3912 SPRUCE STREET CORP,881331500,matched,opa_license,0,,,,,,,opa_license,Pre-1950,,-75.201666,39.951246
6455 N BROAD ST,19126,Broad Plaza Apartments,+1 215-548-0469,,,18,1937,4,20204,1888500,BROAD PLAZA LP,881150550,matched,opa_license,0,,,,,,,opa_license,Pre-1950,,-75.141534,40.051825
505-09 S 9TH ST,19147,The Bradford Apartments,+1 267-764-2994,,,18,1852,3,15278,3320400,505-09 SOUTH 9TH ST,881008160,matched,opa_license,0,,,,,,,opa_license,Pre-1950,,-75.156583,39.943214
8000-02 LYONS AVE,19153,International City Apartments,+1 215-365-6650,,,18,2000,1,31799,2156300,EASTWICK II SECTION 811*,881125115,matched,opa_license,0,,,,,,,opa_license,2000-2009,,-75.244382,39.900497
716-30 N 36TH ST,19104,Mantua Presbyterian Apartments,+1 215-689-2660,,,18,1996,,32544,442800,ASPEN-OLIVE ASSOCIATES,886700300,matched,opa_license,0,,,,,,,opa_license,1980-1999,,-75.195604,39.966777
4101 BALTIMORE AVE,19104,Luna on Pine,+1 888-609-1171,,,17,1928,4,10000,2027000,NEW HORIZON WEST I LP,881121150,matched,opa_license,1,1,0,0,0,995,995,opa_license,Pre-1950,,-75.205928,39.950104
1155-57 N FRONT ST,19123,Piazza Alta,+1 215-613-9619,,https://www.jg-realestate.com,17,1920,3,4872,1839900,ROBISCO INC,881005920,matched,opa_license,6,1,2,3,0,1295,1895,opa_license,Pre-1950,rentcast_api,-75.136093,39.968675
4827-35 N 6TH ST,19120,1 BDRM Apartment with 2 Queen Beds Small Kitchenette - Two-Bedroom Apartment,,,,17,1966,3,14688,1241400,4825 PARTNERS LP,881149960,matched,opa_license,0,,,,,,,opa_license,1950-1979,,-75.13465,40.025309
7306 DEVON ST,19119,Mount Airy Manor Apartments,+1 215-618-4058,,,17,1970,3,13920,1836700,CRESTWOOD PROPERTIES 2004 LP,881045325,matched,opa_license,0,,,,,,,opa_license,1950-1979,,-75.189508,40.063872
4124-28 PARKSIDE AVE,19104,Marlton Residences,+1 215-879-8168,,,17,1895,4,14400,2267800,SSM MANAGEMENT INC,881820310,matched,opa_license,0,,,,,,,opa_license,Pre-1950,,-75.207843,39.975424
5126-36 SANSOM ST,19139,,,,,17,1930,2,22500,1170500,RADIN GROUP LP,881439810,none,opa_license,0,,,,,,,opa_license,Pre-1950,,-75.224337,39.957377
8140 VERREE RD,19111,Park Chase Apartments,+1 215-742-8895,,,17,1959,2,14082,1975300,SOLLY PROPERTIES INC,881224231,matched,opa_license,1,0,1,0,0,1395,1395,opa_license,1950-1979,,-75.07395,40.075218
1300-04 W ALBANUS ST,19141,Lindley Court Apartments,+1 215-457-1336,,,17,1962,2,10125,1007400,ISAAC DOHANY,881150730,matched,opa_license,1,0,0,1,0,1295,1295,opa_license,1950-1979,,-75.145178,40.027915
1509-11 W GIRARD AVE,19130,The Greenery Apartments,+1 267-530-1047,,,17,2014,4,16112,2311000,"SEASIDE CAPITAL, LLC",881906605,matched,opa_license,1,0,1,0,0,1450,1450,opa_license,2010-2019,,-75.161498,39.972048
1501 W ALLEGHENY AVE,19132,Temple Lofts,+1 215-315-7048,,https://www.ocfrealty.com,17,1914,3,17992,1662300,DEEROHT LLC,881042313,matched,opa_license,1,0,1,0,0,895,895,opa_license,Pre-1950,rentcast_api,-75.15466,40.002185
1320 PINE ST,19107,1316 Pine Street Apartments,+1 267-432-7288,,https://www.maxwellrealty.com,17,1850,3,4340,1347900,SMYLIE MARK,881041620,matched,opa_license,5,1,4,0,0,1250,1545,opa_license,Pre-1950,rentcast_api,-75.16372,39.945201
47-49 N 3RD ST,19106,The National Old City Apartments,+1 215-278-9885,,,17,1853,5,18621,2759200,SAS THIRD STREET L P,881006150,matched,opa_license,0,,,,,,,opa_license,Pre-1950,,-75.144911,39.951578
1302-12 W CUMBERLAND ST,19132,Cumberland Lofts,+1 267-573-8064,,,17,1915,2,17000,1944900,CUMBERLAND EQUITIES HOLDINGS LLC,881070790,matched,opa_license,0,,,,,,,opa_license,Pre-1950,,-75.153391,39.99044
500-08 W QUEEN LN,19144,The Wissahickon Apartments,+1 215-849-0777,,,17,1926,3,20114,2344900,BILL SOLIS,881098415,matched,opa_license,0,,,,,,,opa_license,Pre-1950,,-75.176732,40.023548
4732-34 GRISCOM ST,19124,Grand Leiper Apartments,+1 866-488-3650,,,17,1925,4,13888,1405300,GRISCOM APARTMENTS LP,881106160,matched,opa_license,1,0,1,0,0,795,795,opa_license,Pre-1950,,-75.084326,40.017862
532-36 SPRUCE ST,19106,The Gratz,+1 215-238-9986,,,17,1928,4,17832,2144600,KNOCKWOOD ASSOCIATES LP,881011610,matched,opa_license,0,,,,,,,opa_license,Pre-1950,,-75.15139,39.945059
400-04 S 45TH ST,19104,Spruce Square,+1 215-246-0606,,,17,1886,4,19160,2848200,400 S 45TH STREET LLC,881144010,matched,opa_license,3,0,2,1,0,1150,1800,opa_license,Pre-1950,,-75.212644,39.951613
611-27 N 40TH ST,19104,University City Apartments at UPENN / DREXEL / PENN Medicine,+1 215-671-6400,,,17,2011,3,22877,1482700,BIG DAISY CORP,881428874,matched,opa_license,0,,,,,,,opa_license,2010-2019,,-75.202111,39.963761
3827-33 POWELTON AVE,19104,University City Apartments at UPENN / DREXEL / PENN Medicine,+1 215-671-6400,,,17,1880,,24984,1812000,RUDOLPHY MERCY DOUGLAS HOME FOR THE BLIND,886662000,matched,opa_license,0,,,,,,,opa_license,Pre-1950,,-75.198411,39.959816
4040 BALTIMORE AVE,19104,Luna on Pine,+1 888-609-1171,,,17,1911,3,13140,2702600,NEIGBORHOOD PRESERVATION & DEV FUND,881121225,matched,opa_license,1,0,1,0,0,1250,1250,opa_license,Pre-1950,,-75.205406,39.949681
4039 WALNUT ST,19104,Uno on Chestnut,+1 267-215-3536,,,17,1890,3,5601,1342300,SIMON ASSOCIATES*,881120925,matched,opa_license,0,,,,,,,opa_license,Pre-1950,,-75.204489,39.954627
4526-34 OSAGE AVE,19143,Spruce Square,+1 215-246-0606,,,17,1950,3,19450,2418200,KARP MICHAEL,881143930,matched,opa_license,0,,,,,,,opa_license,1950-1979,,-75.213872,39.950983
4017-23 BALTIMORE AVE,19104,Luna on Pine,+1 888-609-1171,,,17,1925,4,12800,1972400,KARP MICHAEL,881121135,matched,opa_license,0,,,,,,,opa_license,Pre-1950,,-75.204332,39.950136
5718-24 KEYSTONE ST,19135,,,,,17,1971,3,10401,1244100,FEDOROWYCZ CHRISTINE,881142620,none,opa_license,0,,,,,,,opa_license,1950-1979,,-75.060517,40.013647
241-43 S 47TH ST,19139,"Manor Flats off Sansom, University City, Philly, New Luxury Apartment Rentals",+1 732-351-2567,,,16,1925,4,13920,1529900,NEW HORIZONS WEST LANE LLC,881144035,matched,opa_license,1,0,1,0,0,1350,1350,opa_license,Pre-1950,,-75.215676,39.953996
4409 TOLBUT ST,19136,Tolbut 4409,+1 267-376-7752,,,16,1960,3,10233,1348200,MCALONAN DEA,881225150,matched,opa_license,1,0,1,0,0,1200,1200,opa_license,1950-1979,,-75.008172,40.05143
4029 SPRUCE ST,19104,Luna on Pine,+1 888-609-1171,,,16,1900,4,5650,1361800,WEISENTHAL ANNE,881604531,matched,opa_license,0,,,,,,,opa_license,Pre-1950,,-75.204211,39.952172
1750 TOMLINSON RD,19116,Tomlinson Court Apartments,+1 215-676-4169,,,16,1970,2,72960,9442000,"REAL PROPERTIES, MGR J. LIPNER",881200000,matched,opa_license,0,,,,,,,opa_license,1950-1979,,-75.015549,40.103835
2491 N 50TH ST,19131,Bala Apartments,+1 267-805-5211,,,16,1925,4,18048,1743200,MICHAEL WOODWARD AGT,881155810,matched,opa_license,1,1,0,0,0,1025,1025,opa_license,Pre-1950,,-75.227656,39.999919
2495 N 50TH ST,19131,Bala Apartments,+1 267-805-5211,,,16,1925,4,18408,1743200,MICHAEL WOODWARD AGT,881155820,matched,opa_license,0,,,,,,,opa_license,Pre-1950,,-75.22781,40.000126
5851-57 N CAMAC ST,19141,Park Ave Apartments,+1 267-382-5356,,https://www.ocfrealty.com,16,1945,3,14073,973700,WEISS BLDG,881151120,matched,opa_license,1,0,0,1,0,1400,1400,opa_license,Pre-1950,rentcast_api,-75.140707,40.042315
2000-10 GRIFFITH ST,19152,Loretto 7828,+1 267-754-1046,,,16,1958,3,8635,1181500,PHILLY PRIME LLC ,881174250,matched,opa_license,0,,,,,,,opa_license,1950-1979,,-75.057668,40.0596
1623 WILLINGTON ST,19121,Oxford Village Apartments,+1 215-765-3134,,,16,2013,3,16056,1600000,1623 WILLINGTON STREET LLC,881146650,matched,opa_license,0,,,,,,,opa_license,2010-2019,,-75.161823,39.978597
4537-39 OSAGE AVE,19143,Spruce Square,+1 215-246-0606,,,16,1940,3,9463,1691100,4537-39 OSAGE INVESTMENT LLC,881822365,matched,opa_license,1,0,1,0,0,1350,1350,opa_license,Pre-1950,,-75.213881,39.951455
5600-06 GERMANTOWN AVE,19144,Vernon Lofts,+1 267-440-6201,,,16,1958,3,13711,1524100,GREENZANG INC.,881097326,matched,opa_license,0,,,,,,,opa_license,1950-1979,,-75.174228,40.035057
938-40 NEW MARKET ST,19123,Residences at 1 Brown,+1 215-764-5909,,http://jaimehyman.foxroach.com/,16,2015,4,18045,3048100,DOWEL LANCASTER LLC,881067005,matched,opa_license,4,0,1,3,0,1850,2395,opa_license,2010-2019,rentcast_api,-75.139373,39.964601
9201 BLUE GRASS RD,19114,Blue Grass Estates,+1 215-671-8804,,,16,1970,2,177370,23696500,CAPRI HOMES CO PRTNRSHP,881191800,matched,opa_license,0,,,,,,,opa_license,1950-1979,,-75.028697,40.071532
2617 W GIRARD AVE,19130,The Bordeaux Apartments,+1 484-573-6448,,,16,2014,5,18700,2761200,MM FCDC PARTNERS LP,881070281,matched,opa_license,1,0,1,0,0,1450,1450,opa_license,2010-2019,,-75.179428,39.97432
1025-27 CHERRY ST,19107,Tenten Race Street,,,,16,1923,5,24016,2987900,1025-1027 CHERRY ST DEVELOPMENT LLC,881010220,matched,opa_license,0,,,,,,,opa_license,Pre-1950,,-75.157045,39.954799
115 N 34TH ST,19104,Vue 32,+1 267-641-8054,,,16,1870,4,14205,3143600,ACADEMIC PROPERTIES INC,881108100,matched,opa_license,0,,,,,,,opa_license,Pre-1950,,-75.190686,39.958537
2024-28 N BROAD ST,19121,Dauphin Arms Apartment Homes,+1 215-235-1156,,,16,1915,4,9450,1012100,MESSIAH COLLEGE,881299090,matched,opa_license,0,,,,,,,opa_license,Pre-1950,,-75.157074,39.984204
2308 GRAYS FERRY AVE,19146,Sanctuary Lofts,+1 215-467-4100,,,16,1915,,14138,338400,OSUN VILLAGE LLP,886700700,matched,opa_license,0,,,,,,,opa_license,Pre-1950,,-75.180293,39.945082
8733-41 FRONTENAC ST,19152,Benton Garden Apartments,+1 267-855-2408,,,16,1959,3,20868,2819500,BENTON GARDENS ASSOCIATES LP,881179700,matched,opa_license,0,,,,,,,opa_license,1950-1979,,-75.047668,40.075588
1121 N 66TH ST,19151,Courtyard Apartments,+1 215-310-7333,,,16,1943,2,29992,3161000,PENN VENTURES LTD,881128600,matched,opa_license,1,0,0,1,0,1325,1325,opa_license,Pre-1950,,-75.25361,39.980459
14040 DANA AVE,19116,Station Walk Apartments,+1 215-673-8330,,,16,1970,2,189541,27249400,BROOKSHIRE TRACE ASSOC L P,881205800,matched,opa_license,0,,,,,,,opa_license,1950-1979,,-75.006688,40.131224
4647-55 ADAMS AVE,19124,,,,,16,1945,2,6746,1076000,WILLOW CREEK MANOR CORP,881106300,none,opa_license,0,,,,,,,opa_license,Pre-1950,,-75.093338,40.021291
6904 RISING SUN AVE,19111,Austin Manor Apartments,+1 215-722-1249,,,16,1960,2,10019,1770300,GERSHOVICH SIMON,881131405,matched,opa_license,0,,,,,,,opa_license,1950-1979,,-75.089826,40.056521
4600-04 WALNUT ST,19139,"Manor Flats off Sansom, University City, Philly, New Luxury Apartment Rentals",+1 732-351-2567,,,16,1920,4,15300,1757600,KARASANYI NOEL,881145005,matched,opa_license,0,,,,,,,opa_license,Pre-1950,,-75.213914,39.955263
223-27 ARCH ST,19106,The National Old City Apartments,+1 215-278-9885,,,16,1906,5,12668,3332700,DELANCEY MULBERRY ASSOC LP,881007487,matched,opa_license,0,,,,,,,opa_license,Pre-1950,,-75.143993,39.952372
4401 OSAGE AVE,19104,The Linden University City,+1 833-326-0240,,,16,1920,4,17800,3079400,UNIVERSITY CITY HOUSING ASSOCIATES,881122710,matched,opa_license,0,,,,,,,opa_license,Pre-1950,,-75.211092,39.951114
7801 HASBROOK AVE,19111,these are apartment buildings,+1 215-843-7279,,,16,1957,3,12732,1464700,KREMS-MALONEY SHREIBER,881223800,matched,opa_license,0,,,,,,,opa_license,1950-1979,,-75.084715,40.072301
262 S 21st St,19103,,,,,,1890,4,4553,990900,WHITE BIRCH VENTURES LLC,881545900,rentcast_candidate,rentcast,3,2,1,0,0,1210,2125,opa_backfill,Pre-1950,,-75.17643,39.948933
454 E Girard Ave,19125,,,,,,,,,,,,rentcast_candidate,rentcast,3,2,1,0,0,1250,1475,unknown,,,-75.128548,39.970516
2900 N 5th St,19133,,,,,,,,,,,,rentcast_candidate,rentcast,2,1,1,0,0,1050,2500,unknown,,,-75.139732,39.995342
2220 Walnut St,19103,,,,,,1910,4,3920,909400,MG LEXTON PARTNERS LP,881550407,rentcast_candidate,rentcast,6,5,1,0,0,1345,1745,opa_backfill,Pre-1950,,-75.178345,39.950859
1401 Arch St,19102,,,,,,1896,14,220304,73747000,1401 ARCH LP,881001060,rentcast_candidate,rentcast,32,24,5,3,0,1290,3115,opa_backfill,Pre-1950,,-75.163612,39.95462
7600 Stenton Ave,19118,,,,,,1960,,,,,,rentcast_candidate,rentcast,24,6,17,1,0,1207,1997,rentcast_estimate,1950-1979,,-75.190491,40.073349
4301 Chestnut St,19104,,,,,,2022,7,178878,48905600,4301 CHESTNUT LLC,881000414,rentcast_candidate,rentcast,30,18,9,3,0,1385,2995,opa_backfill,2020+,,-75.209038,39.956764
1148 Frankford Ave,19125,,,,,,1878,2,10335,12836800,1148 FRANKFORD PARTNERS LLC,881000377,rentcast_candidate,rentcast,11,4,6,1,0,1275,1975,opa_backfill,Pre-1950,,-75.134697,39.968437
510 N Broad St,19130,,,,,,2020,7,399592,116934300,510 BROAD PARTNERS LLC,881580048,rentcast_candidate,rentcast,50,17,27,6,0,1441,3029,opa_backfill,2020+,,-75.162224,39.962971
1099 Germantown Ave,19123,,2156273500,vicki@kwempower.com,https://www.kwempower.com,,2023,,,,KW Empower,,rentcast_candidate,rentcast,50,10,24,16,0,1691,6059,rentcast_estimate,2020+,derived_from_email,-75.139714,39.968043
1306 W Allegheny Ave,19132,,,,,,1930,3,3267,514300,ALLEGHENY 20 LLC,881000275,rentcast_candidate,rentcast,2,1,0,1,0,780,1025,opa_backfill,Pre-1950,,-75.151093,40.001102
1524 South St,19146,,2157357368,gerardo@ocfrealty.com,https://www.ocfrealty.com,,2018,,,,Ocf Realty Llc,,rentcast_candidate,rentcast,6,2,4,0,0,1550,1895,rentcast_estimate,2010-2019,rentcast_api,-75.168213,39.943756
3300 Henry Ave,19129,,,,,,1929,6,208399,24729400,UNIT ONE FALLS CENTER LP,881136900,rentcast_candidate,rentcast,8,2,4,2,0,1299,1899,opa_backfill,Pre-1950,,-75.184486,40.011971
133 E Roosevelt Blvd,19120,,,,,,1935,,,,,,rentcast_candidate,rentcast,2,2,0,0,0,750,750,rentcast_estimate,Pre-1950,,-75.122345,40.026333
824 N 2nd St,19123,,,,,,2025,6,98010,17432800,820 N 2ND REALTY PARTNERS L.P.,881520352,rentcast_candidate,rentcast,17,6,10,1,0,1472,2685,opa_backfill,2020+,,-75.141182,39.96373
1325 N Lee St,19125,,2157357368,gerardo@ocfrealty.com,https://www.ocfrealty.com,,2025,4,20697,3282200,Ocf Realty Llc,881000177,rentcast_candidate,rentcast,6,2,4,0,0,1370,1645,opa_backfill,2020+,rentcast_api,-75.134911,39.971073
407 N 20th St,19130,,,,,,,,,,,,rentcast_candidate,rentcast,2,1,1,0,0,1550,1815,unknown,,,-75.17086,39.961285
1101 Ludlow St,19107,,,,,,2016,19,213823,114384300,1100 MARKET ST LP,881012001,rentcast_candidate,rentcast,20,5,14,1,0,1748,3599,opa_backfill,2010-2019,,-75.159187,39.951389
2601 Poplar St,19130,,,,,,2021,4,100000,23131200,2601 POPLAR OZ LLC,881809638,rentcast_candidate,rentcast,8,3,4,1,0,1395,2225,opa_backfill,2020+,,-75.179535,39.97316
1700 N Howard St,19122,,,,,,2022,6,104034,18152800,1700 N HOWARD STREET LLC,881000057,rentcast_candidate,rentcast,12,6,3,3,0,1395,2695,opa_backfill,2020+,,-75.135483,39.975658
1901 E York St,19125,,,,,,2024,6,104042,24357200,1901 EAST YORK STREET OWNER LLC,881000901,rentcast_candidate,rentcast,17,2,7,8,0,1395,2450,opa_backfill,2020+,,-75.130562,39.985245
3025 John F Kennedy Blvd,19104,,,,,,2023,28,263823,75104800,DREXEL UNIVERSITY,881000562,rentcast_candidate,rentcast,26,7,7,12,0,2255,4914,opa_backfill,2020+,,-75.185341,39.956478
430 Fairmount Ave,19123,,,,,,1915,6,44124,8319000,420 FAIRMOUNT AVENUE PART,881006935,rentcast_candidate,rentcast,3,2,0,1,0,1300,2525,opa_backfill,Pre-1950,,-75.145859,39.9627
2230 E Somerset St,19134,,,,,,2025,5,133300,34641200,PHADC SOMERSET LLC,881000368,rentcast_candidate,rentcast,15,3,5,7,0,974,2121,opa_backfill,2020+,,-75.117569,39.985073
315 South St,19147,,,,,,1900,5,11540,1145600,329 SOUTH LLC,881515470,rentcast_candidate,rentcast,2,1,1,0,0,1185,1300,opa_backfill,Pre-1950,,-75.148109,39.941689
1514 Arrott St,19124,,,,,,1920,3,7030,683200,WILLOW CREEK MANOR CORPOR,881106150,rentcast_candidate,rentcast,2,1,1,0,0,850,900,opa_backfill,Pre-1950,,-75.085167,40.017117
3620 Baring St,19104,,,,,,1875,3,3330,754100,TANDON SHAMSHER B,881815900,rentcast_candidate,rentcast,2,2,0,0,0,1050,1050,opa_backfill,Pre-1950,,-75.195015,39.960793
332 N 62nd St,19139,,,,,,,,,,,,rentcast_candidate,rentcast,2,1,0,1,0,900,1195,unknown,,,-75.243813,39.967842
2501 Oakford St,19146,,,,,,1950,4,54870,11356400,25TH AND OAKFORD LLC,881000325,rentcast_candidate,rentcast,5,3,2,0,0,1495,1750,opa_backfill,1950-1979,,-75.185959,39.937817
908 S 47th St,19143,,,,,,1880,3,3150,465000,908 S 47TH ST LLC,881144042,rentcast_candidate,rentcast,2,1,0,1,0,1325,1975,opa_backfill,Pre-1950,,-75.216263,39.947617
1120 Locust St,19107,,2155456111,mcornelius@pre215.com,http://philadelphiarealtyexchange.com,,1920,,,,Philadelphia Realty Exchange,,rentcast_candidate,rentcast,2,2,0,0,0,900,1500,rentcast_estimate,Pre-1950,rentcast_api,-75.160446,39.947571
2736 W Girard Ave,19130,,,,,,1914,4,6795,980400,2736 W GIRARD LLC,881070282,rentcast_candidate,rentcast,2,1,0,1,0,1100,2800,opa_backfill,Pre-1950,,-75.181786,39.974155
3029 W Glenwood Ave,19121,,2672772035,cameron@skalerealestate.com,https://www.skalerealestate.com,,2022,5,49050,6477000,Skale Real Estate,881001052,rentcast_candidate,rentcast,9,4,4,1,0,1250,1850,opa_backfill,2020+,derived_from_email,-75.18502,39.981472
601 W Cliveden St,19119,,,,,,1926,,,,,,rentcast_candidate,rentcast,3,1,2,0,0,1365,1365,rentcast_estimate,Pre-1950,,-75.192352,40.038422
1464 N 52nd St,19131,,2157014001,broker@re-bosses.com,https://www.re-bosses.com,,1920,,,,Real Estate Bosses,,rentcast_candidate,rentcast,2,2,0,0,0,900,900,rentcast_estimate,Pre-1950,derived_from_email,-75.226966,39.975935
1428 S 28th St,19146,,,,,,,,,,,,rentcast_candidate,rentcast,2,1,0,1,0,1111,1111,unknown,,,-75.191032,39.935268
1530 Locust St,19102,,,,,,,,,,,,rentcast_candidate,rentcast,6,1,3,2,0,1795,4250,unknown,,,-75.167557,39.948353
1815 John F Kennedy Blvd,19103,,2156273500,vicki@kwempower.com,http://tcsgroup.com,,2018,,,,KW Empower,,rentcast_candidate,rentcast,32,22,4,6,0,1677,4695,rentcast_estimate,2010-2019,rentcast_api,-75.17051,39.95456
30 N 23rd St,19103,,2155466000,nancyalperin@maxwellrealty.com,https://www.maxwellrealty.com,,2022,32,261350,111073500,Maxwell Realty Co,881553996,rentcast_candidate,rentcast,20,5,15,0,0,2155,3850,opa_backfill,2020+,rentcast_api,-75.17807,39.955927
1112 E Berks St,19125,,,,,,2023,4,37972,6893200,1112-20 EAST BERKS STREET INVESTMEN,881000035,rentcast_candidate,rentcast,11,3,7,1,0,1549,2350,opa_backfill,2020+,,-75.125832,39.971001
822 Wynnewood Rd,19151,,2154731800,info@domainregroup.com,http://www.domainregroup.com,,1925,3,2710,483000,Domain Real Estate Group,881001401,rentcast_candidate,rentcast,4,1,0,3,0,1100,1350,opa_backfill,Pre-1950,rentcast_api,-75.247314,39.976021
313 Race St,19106,,2153284800,mlisitsa@yahoo.com,http://www.remaxeliteteam.com,,2019,5,50032,11269800,Elite Realty Group,881000911,rentcast_candidate,rentcast,2,2,0,0,0,1750,1995,opa_backfill,2010-2019,rentcast_api,-75.145676,39.954502
12 S 43rd St,19104,,,,,,1920,3,6700,1674700,GREENZANG PROPERTIES VIII LLC,881123400,rentcast_candidate,rentcast,3,2,0,1,0,1300,2300,opa_backfill,Pre-1950,,-75.208519,39.957268
5046 Hazel Ave,19143,,,,,,1925,,,,,,rentcast_candidate,rentcast,2,1,0,1,0,990,1250,rentcast_estimate,Pre-1950,,-75.224571,39.95079
701 Cecil B Moore Ave,19122,,2156273500,vicki@kwempower.com,https://www.kwempower.com,,2025,4,34492,5658400,KW Empower,881000276,rentcast_candidate,rentcast,4,2,1,1,0,1288,2200,opa_backfill,2020+,derived_from_email,-75.147011,39.977394
416 Vine St,19106,,2158840500,ben@altmanco.com,https://www.altmanco.com,,2025,6,55540,17103300,Altman Management Company,881000821,rentcast_candidate,rentcast,2,1,1,0,0,1999,3699,opa_backfill,2020+,derived_from_email,-75.147118,39.956017
4419 Ludlow St,19104,,2152224412,realestate@orensbrothers.com,http://www.orensbrothers.com,,2020,5,42272,11573700,Orens Bros. Real Estate Inc.,881000303,rentcast_candidate,rentcast,3,1,1,1,0,1050,2000,opa_backfill,2020+,rentcast_api,-75.20993,39.95742
1213 Walnut St,19107,,6106359977,contactchrisshields@gmail.com,,,2016,26,298216,90299500,SERHANT PENNSYLVANIA LLC,881011115,rentcast_candidate,rentcast,11,3,6,2,0,1965,4902,opa_backfill,2010-2019,,-75.161224,39.949299
42 S 15th St,19102,,2156273500,vicki@kwempower.com,http://tcsgroup.com,,1970,,,,KW Empower,,rentcast_candidate,rentcast,13,5,7,1,0,1659,2837,rentcast_estimate,1950-1979,rentcast_api,-75.164436,39.957466
2200 Benjamin Franklin Pkwy,19130,,2156273500,vicki@kwempower.com,http://tcsgroup.com,,1963,,,,KW Empower,,rentcast_candidate,rentcast,70,25,34,11,0,1481,8623,rentcast_estimate,1950-1979,rentcast_api,-75.177574,39.961452
5301 Catharine St,19143,,2155457007,cristym@phillyliving.com,https://www.phillyliving.com,,2019,,,,"Philly LMG, LLC",,rentcast_candidate,rentcast,2,2,0,0,0,1100,1100,rentcast_estimate,2010-2019,derived_from_email,-75.22926,39.949427
1324 Frankford Ave,19125,,2157357368,gerardo@ocfrealty.com,https://www.ocfrealty.com,,2021,4,39401,9830700,Ocf Realty Llc,881000176,rentcast_candidate,rentcast,14,5,9,0,0,1221,1483,opa_backfill,2020+,rentcast_api,-75.134773,39.971081
210 Locust St,19106,,2155451500,domb@allandomb.com,https://www.allandomb.com,,1963,,,,Allan Domb Real Estate,,rentcast_candidate,rentcast,2,1,1,0,0,1450,2200,rentcast_estimate,1950-1979,rentcast_api,-75.145669,39.945078
5904 Germantown Ave,19144,,2672772035,cameron@skalerealestate.com,https://www.skalerealestate.com,,2023,5,24500,3870600,Skale Real Estate,881000003,rentcast_candidate,rentcast,7,3,3,1,0,1150,1950,opa_backfill,2020+,derived_from_email,-75.176804,40.037895
5545 Pulaski Ave,19144,,2672772035,cameron@skalerealestate.com,https://www.skalerealestate.com,,2022,4,31000,5493100,Skale Real Estate,881000209,rentcast_candidate,rentcast,12,5,5,2,0,1150,1880,opa_backfill,2020+,derived_from_email,-75.179245,40.030041
4200 Lancaster Ave,19104,,2672772035,cameron@skalerealestate.com,https://www.skalerealestate.com,,2021,4,14586,1969500,Skale Real Estate,881000056,rentcast_candidate,rentcast,3,3,0,0,0,1092,1345,opa_backfill,2020+,derived_from_email,-75.207764,39.966259
135 S 19th St,19103,,2155451500,domb@allandomb.com,https://www.allandomb.com,,1925,,,,Allan Domb Real Estate,,rentcast_candidate,rentcast,7,1,5,1,0,1725,4350,rentcast_estimate,Pre-1950,rentcast_api,-75.17221,39.95074
130 S Juniper St,19107,,2156273500,vicki@kwempower.com,http://tcsgroup.com,,1927,5,69254,21544700,KW Empower,881001063,rentcast_candidate,rentcast,79,3,76,0,0,1772,4175,opa_backfill,Pre-1950,rentcast_api,-75.163226,39.949615
5503 W Girard Ave,19131,,2156273500,vicki@kwempower.com,https://www.kwempower.com,,1925,,,,KW Empower,,rentcast_candidate,rentcast,2,2,0,0,0,1000,1000,rentcast_estimate,Pre-1950,derived_from_email,-75.230911,39.971088
1000 W Girard Ave,19123,,2156273500,vicki@kwempower.com,http://tcsgroup.com,,2023,6,115014,25367900,KW Empower,881000086,rentcast_candidate,rentcast,112,3,89,20,0,1757,3933,opa_backfill,2020+,rentcast_api,-75.153862,39.970425
820 N 2nd St,19123,,,,,,2025,6,98010,17432800,820 N 2ND REALTY PARTNERS L.P.,881520352,rentcast_candidate,rentcast,2,1,1,0,0,1395,2157,opa_backfill,2020+,,-75.141182,39.963623
2300 Walnut St,19103,,2156273500,vicki@kwempower.com,http://tcsgroup.com,,1928,,,,KW Empower,,rentcast_candidate,rentcast,9,2,7,0,0,2380,3066,rentcast_estimate,Pre-1950,rentcast_api,-75.179039,39.950924
222 W Rittenhouse Sq,19103,,2155466000,nancyalperin@maxwellrealty.com,https://www.maxwellrealty.com,,1910,,,,Maxwell Realty Co,,rentcast_candidate,rentcast,5,3,2,0,0,1600,2265,rentcast_estimate,Pre-1950,rentcast_api,-75.17337,39.949203
1300 S 19th St,19146,,2157357368,gerardo@ocfrealty.com,https://www.ocfrealty.com,,1924,,,,Ocf Realty Llc,,rentcast_candidate,rentcast,15,13,2,0,0,995,1529,rentcast_estimate,Pre-1950,rentcast_api,-75.176231,39.934155
2201 Washington Ave,19146,,2157357368,gerardo@ocfrealty.com,https://www.ocfrealty.com,,2022,4,40420,9181100,Ocf Realty Llc,881000021,rentcast_candidate,rentcast,5,4,1,0,0,1238,1615,opa_backfill,2020+,rentcast_api,-75.180603,39.939857
330 Cecil B Moore Ave,19122,,2158660050,info@elfantwissahickon.com,http://elfantwissahickon.com,,2021,4,42879,6432900,Elfant Wissahickon Realtors-Fishtown,881147224,rentcast_candidate,rentcast,8,2,4,2,0,1225,2400,opa_backfill,2020+,rentcast_api,-75.142166,39.976513
1622 Point Breeze Ave,19145,,2157357368,gerardo@ocfrealty.com,https://www.ocfrealty.com,,2024,4,47460,7721300,Ocf Realty Llc,881000365,rentcast_candidate,rentcast,11,4,6,1,0,1173,1696,opa_backfill,2020+,rentcast_api,-75.182533,39.931618
1314 Spring Garden St,19123,,2156273500,vicki@kwempower.com,http://tcsgroup.com,,2025,7,89470,26282100,KW Empower,881000796,rentcast_candidate,rentcast,15,13,2,0,0,1485,1852,opa_backfill,2020+,rentcast_api,-75.160248,39.961819
1731 W Diamond St,19121,,,,,,1915,3,2496,542300,DIAMOND PROPERTY ASSOCIAT,881146285,rentcast_candidate,rentcast,2,1,1,0,0,900,900,opa_backfill,Pre-1950,,-75.16236,39.985716
1420 Point Breeze Ave,19146,,2157357368,gerardo@ocfrealty.com,https://www.ocfrealty.com,,2022,4,35628,9300500,Ocf Realty Llc,881577345,rentcast_candidate,rentcast,6,1,5,0,0,1315,7500,opa_backfill,2020+,rentcast_api,-75.180305,39.934067
5521 Wayne Ave,19144,,2677972175,info@jbmpgroup.com,https://www.jbmpgroup.com,,2025,6,42000,7711900,Jbmp Group,881000606,rentcast_candidate,rentcast,8,3,5,0,0,1145,1925,opa_backfill,2020+,rentcast_api,-75.177139,40.031193
2002 Frankford Ave,19125,,2674358015,info@compass.com,http://jaimehyman.foxroach.com/,,1900,1,5751,1278100,COMPASS,881001322,rentcast_candidate,rentcast,2,1,0,1,0,1200,2500,opa_backfill,Pre-1950,rentcast_api,-75.130531,39.978832
7165 Keystone St,19135,,,,,,1940,2,89574,5846900,7165 KEYSTONE INVESTMENTS,881000098,rentcast_candidate,rentcast,10,1,7,2,0,1200,1450,opa_backfill,Pre-1950,,-75.034592,40.026588
201 S 25th St,19103,,2156273500,vicki@kwempower.com,http://tcsgroup.com,,1988,,,,KW Empower,,rentcast_candidate,rentcast,11,2,9,0,0,2281,3074,rentcast_estimate,1980-1999,rentcast_api,-75.180818,39.949742
6632 Germantown Ave,19119,,2154429388,ed@edmcdonaldrealestate.com,https://www.edmcdonaldrealestate.com,,1920,,,,"Hartsville Realty Property Management, Inc.",,rentcast_candidate,rentcast,2,1,1,0,0,900,1150,rentcast_estimate,Pre-1950,derived_from_email,-75.185493,40.051552
204 W Washington Sq,19106,,2674632428,team@rentscene.com,https://null,,2006,,,,"BMB Living, Inc.",,rentcast_candidate,rentcast,2,1,0,1,0,2626,5236,rentcast_estimate,2000-2009,rentcast_api,-75.153664,39.947277
1500 Locust St,19102,,2156273500,vicki@kwempower.com,http://tcsgroup.com,,2000,,,,KW Empower,,rentcast_candidate,rentcast,32,8,21,3,0,1649,3440,rentcast_estimate,2000-2009,rentcast_api,-75.166679,39.948242
2235 Washington Ave,19146,,2157357368,gerardo@ocfrealty.com,https://www.ocfrealty.com,,2022,4,25628,6291500,Ocf Realty Llc,881000022,rentcast_candidate,rentcast,4,3,1,0,0,1238,1629,opa_backfill,2020+,rentcast_api,-75.181091,39.939835
5936 Haverford Ave,19151,,,,,,1920,,,,,,rentcast_candidate,rentcast,2,1,0,1,0,300,1450,rentcast_estimate,Pre-1950,,-75.238899,39.969482
4637 Leiper St,19124,,2157177308,cashflowpropertym@gmail.com,,,1930,3,4332,327700,"Cash Flow Property Management, LLC.",881000464,rentcast_candidate,rentcast,2,2,0,0,0,850,900,opa_backfill,Pre-1950,,-75.087013,40.016842
245 N 12th St,19107,,2677972175,info@jbmpgroup.com,https://www.jbmpgroup.com,,2024,4,6480,1031900,Jbmp Group,881000653,rentcast_candidate,rentcast,2,1,0,1,0,1420,1420,opa_backfill,2020+,rentcast_api,-75.158554,39.956932
1924 N Front St,19122,,2154674100,info@jg-realestate.com,https://www.jg-realestate.com,,2024,5,32605,5089200,JG Real Estate,881000380,rentcast_candidate,rentcast,3,1,2,0,0,1250,1395,opa_backfill,2020+,rentcast_api,-75.133661,39.979426
367 W Hortter St,19119,,2677972175,info@jbmpgroup.com,https://www.jbmpgroup.com,,2024,4,24320,3970200,Jbmp Group,881001104,rentcast_candidate,rentcast,3,2,1,0,0,1279,1558,opa_backfill,2020+,rentcast_api,-75.1912,40.044083
3120 W Jefferson St,19121,,2672772035,cameron@skalerealestate.com,https://www.skalerealestate.com,,2021,5,28212,5260000,Skale Real Estate,881000300,rentcast_candidate,rentcast,8,5,2,1,0,1295,1850,opa_backfill,2020+,derived_from_email,-75.186409,39.979263
2701 W Girard Ave,19130,,2159237600,daryl.turner@cbpref.com,https://www.coldwellbankerhomes.com//pa/philadelphia/office/old-city/oid_5052/,,1888,3,18675,2052500,Coldwell Banker Realty,881070286,rentcast_candidate,rentcast,2,1,0,1,0,1299,1899,opa_backfill,Pre-1950,rentcast_api,-75.180656,39.974442
450 N 18th St,19130,,2156273500,vicki@kwempower.com,http://tcsgroup.com,,1987,,,,KW Empower,,rentcast_candidate,rentcast,31,5,17,9,0,1635,3966,rentcast_estimate,1980-1999,rentcast_api,-75.168823,39.962257
711 Walnut St,19106,,2155457007,cristym@phillyliving.com,https://www.phillyliving.com,,1900,4,5341,1223500,"Philly LMG, LLC",881011035,rentcast_candidate,rentcast,2,2,0,0,0,1375,1375,opa_backfill,Pre-1950,derived_from_email,-75.153107,39.948166
604-36 S Washington Sq,19106,,2155451500,domb@allandomb.com,https://www.allandomb.com,,1973,,,,Allan Domb Real Estate,,rentcast_candidate,rentcast,3,2,1,0,0,1485,2050,rentcast_estimate,1950-1979,rentcast_api,-75.152313,39.945904
6144 Germantown Ave,19144,,2156273500,vicki@kwempower.com,http://tcsgroup.com,,2023,4,42000,7066700,KW Empower,881097342,rentcast_candidate,rentcast,9,2,5,2,0,1335,1900,opa_backfill,2020+,rentcast_api,-75.180069,40.041714
3952 Lancaster Ave,19104,,2672772035,cameron@skalerealestate.com,https://www.skalerealestate.com,,2024,3,9500,1985700,Skale Real Estate,881000668,rentcast_candidate,rentcast,4,2,2,0,0,1150,1575,opa_backfill,2020+,derived_from_email,-75.202164,39.9627
1134 Sansom St,19107,,2156273500,vicki@kwempower.com,http://tcsgroup.com,,2024,20,500850,149888300,KW Empower,881000424,rentcast_candidate,rentcast,40,3,25,12,0,1963,5831,opa_backfill,2020+,rentcast_api,-75.159813,39.949402
5542-44 Ridge Ave,19128,,6108223356,alexandria.stewart@cbpref.com,https://www.coldwellbankerhomes.com/pa/philadelphia/agent/alexandria-alex-stewart/aid_183566/,,2024,3,45465,8516100,COMPASS,881000610,rentcast_candidate,rentcast,3,1,0,2,0,1700,2250,opa_backfill,2020+,rentcast_api,-75.209106,40.024742
210 S 12th St,19107,,2156273500,vicki@kwempower.com,http://tcsgroup.com,,2024,32,449820,113565400,KW Empower,881000218,rentcast_candidate,rentcast,16,7,9,0,0,1900,3952,opa_backfill,2020+,rentcast_api,-75.161057,39.948383
121 N 2nd St,19106,,7326706496,gridsteve@comcast.net,https://premier.pennsylvania.remax.com,,1900,4,51004,8552200,National Realty Old City,881006050,rentcast_candidate,rentcast,16,3,10,3,0,1670,4020,opa_backfill,Pre-1950,rentcast_api,-75.1427,39.952393
1217 Spring Garden St,19123,,,,,,1920,,,,,,rentcast_candidate,rentcast,4,1,2,1,0,1200,1500,rentcast_estimate,Pre-1950,,-75.1586,39.962219
3439-1 Lancaster Ave,19104,,2674632428,team@rentscene.com,https://null,,1915,3,11978,4542700,"BMB Living, Inc.",881000136,rentcast_candidate,rentcast,3,1,2,0,0,1750,1975,opa_backfill,Pre-1950,rentcast_api,-75.191986,39.957966
2200 E Somerset St,19134,,2156273500,vicki@kwempower.com,http://tcsgroup.com,,2025,5,133300,34641200,KW Empower,881000368,rentcast_candidate,rentcast,10,2,4,4,0,1169,2121,opa_backfill,2020+,rentcast_api,-75.117722,39.985298
130 W Girard Ave,19123,,2156273500,vicki@kwempower.com,http://tcsgroup.com,,2025,7,40000,16603200,KW Empower,881000681,rentcast_candidate,rentcast,8,2,5,1,0,1410,2400,opa_backfill,2020+,rentcast_api,-75.137451,39.968906
6401 Saybrook Ave Apt D,19142,,2156273500,vicki@kwempower.com,https://www.kwempower.com,,1920,,,,KW Empower,,rentcast_candidate,rentcast,2,1,0,1,0,1000,1000,rentcast_estimate,Pre-1950,derived_from_email,-75.232765,39.92601
4061 Powelton Ave,19104,,6108223356,cherryblossom.barrett@compass.com,https://www.compass.com,,1915,,4969,800300,COMPASS,881001185,rentcast_candidate,rentcast,2,1,0,1,0,1050,2300,opa_backfill,Pre-1950,derived_from_email,-75.20475,39.959225
6604 Ridge Ave,19128,,2672772035,cameron@skalerealestate.com,https://www.skalerealestate.com,,2022,5,43550,9263900,Skale Real Estate,881000747,rentcast_candidate,rentcast,12,1,9,2,0,1275,2400,opa_backfill,2020+,derived_from_email,-75.223976,40.039097
1734 W Girard Ave,19130,,6105200100,klrw439@kw.com,https://brynmawr.yourkwoffice.com,,1915,3,4683,855000,Keller Williams Main Line Realty,881070103,rentcast_candidate,rentcast,2,2,0,0,0,1250,1450,opa_backfill,Pre-1950,rentcast_api,-75.165657,39.972019
224-30 W Rittenhouse Sq,19103,,2159237600,daryl.turner@cbpref.com,https://www.coldwellbankerhomes.com//pa/philadelphia/office/old-city/oid_5052/,,1950,,,,Coldwell Banker Realty,,rentcast_candidate,rentcast,2,1,0,1,0,1600,3750,rentcast_estimate,1950-1979,rentcast_api,-75.17366,39.949062
1714 W Girard Ave,19130,,6105200100,klrw439@kw.com,https://brynmawr.yourkwoffice.com,,1920,,,,Keller Williams Main Line Realty,,rentcast_candidate,rentcast,2,2,0,0,0,1250,1450,rentcast_estimate,Pre-1950,rentcast_api,-75.164963,39.971928
850 N 22nd St,19130,,6105200100,klrw439@kw.com,https://brynmawr.yourkwoffice.com,,1920,,,,Keller Williams Main Line Realty,,rentcast_candidate,rentcast,4,3,1,0,0,1350,1750,rentcast_estimate,Pre-1950,rentcast_api,-75.173782,39.970959
139-59 N 23rd St,19103,,2155466000,nancyalperin@maxwellrealty.com,https://www.maxwellrealty.com,,2024,2,85248,23865700,Maxwell Realty Co,881000876,rentcast_candidate,rentcast,5,2,3,0,0,2145,2790,opa_backfill,2020+,rentcast_api,-75.176773,39.9575
965 Frankford Ave,19125,,2154223980,info@pennhunter.com,https://www.pennhunter.com,,2021,4,31200,7931900,PennHunter,881001213,rentcast_candidate,rentcast,2,2,0,0,0,1299,1299,opa_backfill,2020+,rentcast_api,-75.134132,39.965912
629 W Girard Ave,19123,,2677972175,info@jbmpgroup.com,https://www.jbmpgroup.com,,2021,6,39336,6887600,Jbmp Group,881001484,rentcast_candidate,rentcast,4,1,3,0,0,1175,1500,opa_backfill,2020+,rentcast_api,-75.147843,39.970755
1700 N Front St,19122,,2156273500,vicki@kwempower.com,http://tcsgroup.com,,2024,5,172844,37763600,KW Empower,881000565,rentcast_candidate,rentcast,10,2,5,3,0,1725,3495,opa_backfill,2020+,rentcast_api,-75.134445,39.975746
2321 Fitzwater St,19146,,2154674100,info@jg-realestate.com,https://www.jg-realestate.com,,1899,4,8238,1033400,JG Real Estate,881576202,rentcast_candidate,rentcast,4,2,1,1,0,1495,2895,opa_backfill,Pre-1950,rentcast_api,-75.181308,39.94396
5217-1/2 Warren St,19131,,6105200100,klrw439@kw.com,https://brynmawr.yourkwoffice.com,,2026,,,,Keller Williams Main Line Realty,,rentcast_candidate,rentcast,3,1,1,1,0,995,1850,rentcast_estimate,2020+,rentcast_api,-75.227432,39.976639
200 Locust St,19106,,2155460550,clientservices@foxroach.com,https://attheharper.foxroach.com,,1963,,,,BHHS Fox & Roach At the Harper Rittenhouse Square,,rentcast_candidate,rentcast,3,1,2,0,0,1600,2450,rentcast_estimate,1950-1979,rentcast_api,-75.144814,39.945627
1230 N Marshall St,19122,,2156276005,clientservices@foxroach.com,https://societyhill.foxroach.com,,2023,3,4000,776500,BHHS Fox & Roach Center City-Society Hill,881000774,rentcast_candidate,rentcast,2,1,1,0,0,1400,1800,opa_backfill,2020+,rentcast_api,-75.147346,39.971443
747-00 S 2nd St,19147,,6105200100,klrw439@kw.com,https://brynmawr.yourkwoffice.com,,1890,4,3420,902200,Keller Williams Main Line Realty,881571620,rentcast_candidate,rentcast,2,1,1,0,0,1500,2200,opa_backfill,Pre-1950,rentcast_api,-75.145813,39.938831
2000 Dreer St,19125,,2677972175,info@jbmpgroup.com,https://www.jbmpgroup.com,,2024,6,28000,6405400,Jbmp Group,881000712,rentcast_candidate,rentcast,7,3,4,0,0,1375,2063,opa_backfill,2020+,rentcast_api,-75.132683,39.981434
336 Lombard St,19147,,2677972175,info@jbmpgroup.com,https://www.jbmpgroup.com,,1922,3,10716,2009300,Jbmp Group,881504200,rentcast_candidate,rentcast,2,2,0,0,0,1300,1325,opa_backfill,Pre-1950,rentcast_api,-75.148628,39.94241
7127 Keystone St,19135,,2677972175,info@jbmpgroup.com,https://www.jbmpgroup.com,,2023,5,100508,16275100,Jbmp Group,881000096,rentcast_candidate,rentcast,5,3,1,1,0,1197,1750,opa_backfill,2020+,rentcast_api,-75.035309,40.026047
1725 Bainbridge St,19146,,2156273500,vicki@kwempower.com,https://www.kwempower.com,,1915,3,2064,485500,KW Empower,881111800,rentcast_candidate,rentcast,3,3,0,0,0,1250,1325,opa_backfill,Pre-1950,derived_from_email,-75.17128,39.943645
4508 Walnut St,19139,,6108223356,cherryblossom.barrett@compass.com,https://www.compass.com,,1906,4,9251,2538200,COMPASS,881700020,rentcast_candidate,rentcast,2,1,1,0,0,1050,1345,opa_backfill,Pre-1950,derived_from_email,-75.212227,39.955036
945 Frankford Ave,19125,,2674358015,info@compass.com,https://www.compass.com,,,,,,COMPASS,,rentcast_candidate,rentcast,5,1,1,3,0,1465,2175,unknown,,derived_from_email,-75.134087,39.965221
569 N 5th St,19123,,2674358015,info@compass.com,https://www.compass.com,,2023,12,294800,93064700,COMPASS,881000144,rentcast_candidate,rentcast,5,1,2,2,0,1400,3035,opa_backfill,2020+,derived_from_email,-75.1464,39.96204
828 N 2nd St,19123,,2677972175,info@jbmpgroup.com,https://www.jbmpgroup.com,,2025,5,62250,13788800,Jbmp Group,881000818,rentcast_candidate,rentcast,2,2,0,0,0,1475,1475,opa_backfill,2020+,rentcast_api,-75.141075,39.964043
1112-16 E Berks St,19125,,2674632428,team@rentscene.com,https://null,,2023,4,37972,6893200,"BMB Living, Inc.",881000035,rentcast_candidate,rentcast,5,1,3,1,0,1550,2450,opa_backfill,2020+,rentcast_api,-75.12587,39.971046
1935 E Hazzard St,19125,,2154674100,info@jg-realestate.com,https://www.jg-realestate.com,,2020,4,10628,2029900,JG Real Estate,881712552,rentcast_candidate,rentcast,5,1,4,0,0,1195,1225,opa_backfill,2020+,rentcast_api,-75.126312,39.986893
915-17 N Broad St,19123,,2156273500,vicki@kwempower.com,https://www.thecondoshops.com/agent/noah-berson/,,2025,7,79975,13547500,KW Empower,881439502,rentcast_candidate,rentcast,7,2,2,3,0,1350,3000,opa_backfill,2020+,rentcast_api,-75.159111,39.970764
1701 N 2nd St,19122,,2158660050,info@elfantwissahickon.com,http://elfantwissahickon.com,,2019,6,61584,16735700,Elfant Wissahickon Realtors-Fishtown,881006848,rentcast_candidate,rentcast,2,2,0,0,0,1412,1650,opa_backfill,2010-2019,rentcast_api,-75.137772,39.976406
2317 N 33rd St,19132,,2156273500,vicki@kwempower.com,https://www.thecondoshops.com/agent/noah-berson/,,2022,3,7704,1217000,KW Empower,881125045,rentcast_candidate,rentcast,2,1,1,0,0,1000,1300,opa_backfill,2020+,rentcast_api,-75.185822,39.992825
1130 N Delaware Ave,19125,,2159237600,daryl.turner@cbpref.com,https://www.coldwellbankerhomes.com//pa/philadelphia/office/old-city/oid_5052/,,2023,7,209503,39560700,Coldwell Banker Realty,881000458,rentcast_candidate,rentcast,3,3,0,0,0,1440,1525,opa_backfill,2020+,rentcast_api,-75.130638,39.966713
3503 Midvale Ave,19129,,2156273500,vicki@kwempower.com,http://www.tollrealtygroup.com,,2024,5,32025,6801300,KW Empower,881001206,rentcast_candidate,rentcast,3,1,0,2,0,1500,2700,opa_backfill,2020+,rentcast_api,-75.192466,40.013946
1222 Ridge Ave,19123,,,,,,,,,,,,rentcast_candidate,rentcast,4,2,1,1,0,1195,1849,unknown,,,-75.158346,39.962542
1813 Ranstead St,19103,,6106683400,info@mainlinekw.com,http://www.damonmichels.com/,,1900,5,6210,1677300,Keller Williams Main Line - Narberth,881001303,rentcast_candidate,rentcast,2,1,1,0,0,1575,2600,opa_backfill,Pre-1950,rentcast_api,-75.170647,39.952374
1201 Vine St,19107,,,,,,2024,8,114384,34272000,MERITIS GROUP LLC,881000117,rentcast_candidate,rentcast,7,3,3,1,0,1295,2095,opa_backfill,2020+,,-75.15876,39.957909
2636 E York St,19125,,2677972175,info@jbmpgroup.com,https://www.jbmpgroup.com,,2023,,,,Jbmp Group,,rentcast_candidate,rentcast,2,1,1,0,0,1725,2175,rentcast_estimate,2020+,rentcast_api,-75.122017,39.975388
507 S 8th St,19147,,2157357368,gerardo@ocfrealty.com,https://www.ocfrealty.com,,2016,3,26221,6690700,Ocf Realty Llc,881555800,rentcast_candidate,rentcast,9,1,6,2,0,1545,3045,opa_backfill,2010-2019,rentcast_api,-75.155098,39.94294
1131-39 N Front St,19123,,2154223980,info@pennhunter.com,https://www.pennhunter.com,,2024,6,19500,8903400,PennHunter,881000918,rentcast_candidate,rentcast,4,1,3,0,0,1295,1595,opa_backfill,2020+,rentcast_api,-75.136169,39.968151
514 South St,19147,,2157357368,gerardo@ocfrealty.com,https://www.ocfrealty.com,,2016,5,21593,6100400,Ocf Realty Llc,881515482,rentcast_candidate,rentcast,6,4,2,0,0,1435,1850,opa_backfill,2010-2019,rentcast_api,-75.151543,39.941605
1236 E Columbia Ave,19125,,,,,,1900,3,13919,1654000,THE SHEBA LLC,881068690,rentcast_candidate,rentcast,4,2,2,0,0,1295,1595,opa_backfill,Pre-1950,,-75.131287,39.971188
225 N 12th St,19107,,2677972175,info@jbmpgroup.com,https://www.jbmpgroup.com,,2024,6,18900,3163500,Jbmp Group,881000677,rentcast_candidate,rentcast,5,2,1,2,0,1467,2600,opa_backfill,2020+,rentcast_api,-75.158653,39.95647
1401 Spruce St,19102,,2674358015,info@compass.com,https://www.onthesquarerealestate.com/,,1900,,,,COMPASS,,rentcast_candidate,rentcast,3,1,1,1,0,2765,5045,rentcast_estimate,Pre-1950,rentcast_api,-75.16508,39.9473
6808 Ridge Ave,19128,,2158217487,leasing@mgmtresidential.com,http://mgmtresidential.com,,2023,5,71995,14769300,Mgmt Residential,881000354,rentcast_candidate,rentcast,6,1,4,1,0,1350,2125,opa_backfill,2020+,rentcast_api,-75.227032,40.042449
6400 Haverford Ave,19151,,2156273500,vicki@kwempower.com,https://www.kwempower.com,,1930,4,6888,4694400,KW Empower,881000624,rentcast_candidate,rentcast,7,1,3,3,0,990,1900,opa_backfill,Pre-1950,derived_from_email,-75.247272,39.971738
710 N 16th St,19130,,2672772035,cameron@skalerealestate.com,https://www.skalerealestate.com,,2021,4,21360,5826600,Skale Real Estate,881809250,rentcast_candidate,rentcast,4,1,2,1,0,1375,2200,opa_backfill,2020+,derived_from_email,-75.163904,39.967719
1220 N Broad St,19121,,,,,,1940,,,,,,rentcast_candidate,rentcast,3,1,1,1,0,1025,1350,rentcast_estimate,Pre-1950,,-75.159405,39.972409
150 S Independence Mall W,19106,,6106359977,gridsteve@comcast.net,http://www.serhant.com,,1927,10,75000,67000000,SERHANT PENNSYLVANIA LLC,881000279,rentcast_candidate,rentcast,4,1,1,2,0,1795,2850,opa_backfill,Pre-1950,rentcast_api,-75.151474,39.948971
2101 Chestnut St,19103,,2155837777,wmfitzgerald@msn.com,http://www.realtymark.net,,1900,,,,Realty Mark Cityscape-Kop,,rentcast_candidate,rentcast,8,2,6,0,0,1350,2045,rentcast_estimate,Pre-1950,rentcast_api,-75.175766,39.952626
4442 Ridge Ave,19129,,,,,,1924,6,145728,25219600,RIDGE AVE PARTNERS LLC,881000463,rentcast_candidate,rentcast,2,1,1,0,0,1514,1849,opa_backfill,Pre-1950,,-75.199867,40.010883
4242 Pine St,19104,,6105200100,klrw439@kw.com,https://brynmawr.yourkwoffice.com,,1915,,,,Keller Williams Main Line Realty,,rentcast_candidate,rentcast,2,1,0,1,0,1200,2050,rentcast_estimate,Pre-1950,rentcast_api,-75.208992,39.951195
1100 S Broad St,19146,,2157357368,gerardo@ocfrealty.com,https://www.ocfrealty.com,,1904,,,,Ocf Realty Llc,,rentcast_candidate,rentcast,3,1,2,0,0,1259,1850,rentcast_estimate,Pre-1950,rentcast_api,-75.16778,39.93761
2201 Pennsylvania Ave,19130,,2674358015,info@compass.com,https://www.tcsgroup.com/agent/liela-rushton/,,1952,,,,COMPASS,,rentcast_candidate,rentcast,7,1,5,1,0,1325,2060,rentcast_estimate,1950-1979,rentcast_api,-75.174904,39.963615
300 W Coulter St,19144,,,,,,,,,,,,rentcast_candidate,rentcast,2,1,1,0,0,845,940,unknown,,,-75.17601,40.02766
4639 Umbria St,19127,,,,,,,,,,,,rentcast_candidate,rentcast,2,1,1,0,0,1150,1400,unknown,,,-75.229778,40.030568
129 W Susquehanna Ave,19122,,2154674100,info@jg-realestate.com,https://www.jg-realestate.com,,1925,3,2752,371600,JG Real Estate,881299306,rentcast_candidate,rentcast,2,1,1,0,0,995,1150,opa_backfill,Pre-1950,rentcast_api,-75.134003,39.983673
406 W Walnut Ln,19144,,,,,,1927,3,37612,3739400,400 WALNUT LANE LLC,881211300,rentcast_candidate,rentcast,2,0,2,0,0,1150,1250,opa_backfill,Pre-1950,,-75.1847,40.03424
1245 Ridge Ave,19123,,2157357368,gerardo@ocfrealty.com,https://www.ocfrealty.com,,2020,4,29244,5397800,Ocf Realty Llc,881000717,rentcast_candidate,rentcast,4,0,4,0,0,1425,1485,opa_backfill,2020+,rentcast_api,-75.158455,39.963539
1534 S 4th St,19147,,,,,,,,,,,,rentcast_candidate,rentcast,2,0,2,0,0,1075,1075,unknown,,,-75.152254,39.928602
1705 Jackson St,19145,,,,,,1940,2,15300,2751900,1710-18 WEST PASSYUNK AVE,881303010,rentcast_candidate,rentcast,2,0,2,0,0,1375,1375,opa_backfill,Pre-1950,,-75.175117,39.924072
7108 Oxford Ave,19111,,,,,,,,,,,,rentcast_candidate,rentcast,3,0,3,0,0,1150,1175,unknown,,,-75.08567,40.05802
1701 N Front St,19122,,,,,,2022,8,64132,15281700,21 E COLUMBIA AVE INVESTORS LLC,881000045,rentcast_candidate,rentcast,3,0,2,1,0,1450,1975,opa_backfill,2020+,,-75.133942,39.975113
7715 Mccallum St,19118,,,,,,,,,,,,rentcast_candidate,rentcast,11,0,5,6,0,1499,2285,unknown,,,-75.209724,40.058006
4561 N Camac St,19140,,,,,,,,,,,,rentcast_candidate,rentcast,2,0,1,1,0,1000,1100,unknown,,,-75.145081,40.022469
1163 S Cleveland St,19146,,,,,,,,,,,,rentcast_candidate,rentcast,2,0,2,0,0,1100,1100,unknown,,,-75.173973,39.936996
9951 Academy Rd,19114,,,,,,,,,,,,rentcast_candidate,rentcast,9,0,6,3,0,1230,1650,unknown,,,-75.000099,40.076244
1309 W Wingohocking St,19140,,,,,,,,,,,,rentcast_candidate,rentcast,2,0,2,0,0,1111,1111,unknown,,,-75.14669,40.021477
3309 Powelton Ave,19104,,,,,,1900,3,8496,1148300,3301 POWELTON ASSOC,881811000,rentcast_candidate,rentcast,2,0,2,0,0,1150,1150,opa_backfill,Pre-1950,,-75.189867,39.960331
5007 Pine St,19143,,,,,,1925,3,2694,410500,KIM YONG,881215540,rentcast_candidate,rentcast,2,0,2,0,0,1150,1200,opa_backfill,Pre-1950,,-75.222572,39.953297
2020 N 22nd St,19121,,,,,,2022,3,10120,1626000,MAYAS COUCH 1031 KH LIMITED LIABILITY CO,881000196,rentcast_candidate,rentcast,4,0,4,0,0,1200,1200,opa_backfill,2020+,,-75.170006,39.985825
506 S 41st St,19104,,,,,,1890,3,10440,812700,502 S 41ST STREET LLC,881609000,rentcast_candidate,rentcast,7,0,7,0,0,1025,1075,opa_backfill,Pre-1950,,-75.206093,39.949184
1247 E Columbia Ave,19125,,,,,,2016,,,,,,rentcast_candidate,rentcast,2,0,1,1,0,1860,2900,rentcast_estimate,2010-2019,,-75.130769,39.971546
726 N 19th St,19130,,,,,,2018,,,,,,rentcast_candidate,rentcast,3,0,3,0,0,1650,1745,rentcast_estimate,2010-2019,,-75.168617,39.968258
1330 S Patton St,19146,,2157357368,gerardo@ocfrealty.com,https://www.ocfrealty.com,,2023,4,31360,6012900,Ocf Realty Llc,881000773,rentcast_candidate,rentcast,8,0,8,0,0,1178,1329,opa_backfill,2020+,rentcast_api,-75.196457,39.937016
1635 E Passyunk Ave Unit R,19148,,2157357368,gerardo@ocfrealty.com,https://www.ocfrealty.com,,1920,,,,Ocf Realty Llc,,rentcast_candidate,rentcast,3,0,3,0,0,1345,1345,rentcast_estimate,Pre-1950,rentcast_api,-75.164001,39.929134
934 S 5th St,19147,,,,,,2017,3,13461,1990900,NATIVE STREET ASSOCIATES,881500950,rentcast_candidate,rentcast,2,0,2,0,0,1695,1695,opa_backfill,2010-2019,,-75.152336,39.936481
6331 Carnation St,19144,,,,,,1942,,,,,,rentcast_candidate,rentcast,2,0,2,0,0,1295,1295,rentcast_estimate,Pre-1950,,-75.177872,40.047729
3534 Wharton St,19146,,,,,,1915,,,,,,rentcast_candidate,rentcast,2,0,2,0,0,1100,1100,rentcast_estimate,Pre-1950,,-75.201469,39.938702
820 N 3rd St,19123,,,,,,1825,4,16864,7255500,808 N 3RD LLC,881000892,rentcast_candidate,rentcast,2,0,2,0,0,2085,2085,opa_backfill,Pre-1950,,-75.1432,39.964059
1501 S 17th St,19146,,,,,,,,,,,,rentcast_candidate,rentcast,4,0,3,1,0,1475,1825,unknown,,,-75.172798,39.931557
400-18 W Walnut Ln,19144,,,,,,1927,3,37612,3739400,400 WALNUT LANE LLC,881211300,rentcast_candidate,rentcast,2,0,2,0,0,1150,1250,opa_backfill,Pre-1950,,-75.184418,40.034485
1023 Spruce St,19107,,,,,,1900,4,5585,1739800,1023-1028 SPRUCE LP,881517300,rentcast_candidate,rentcast,5,0,1,4,0,1795,2495,opa_backfill,Pre-1950,,-75.158709,39.94651
3411 Chestnut St,19104,,,,,,2008,,,,,,rentcast_candidate,rentcast,14,0,5,9,0,2656,3856,rentcast_estimate,2000-2009,,-75.192238,39.954643
631 N Broad St,19123,,,,,,2025,6,90546,23015100,619 BROAD HOLDING LLC,881000896,rentcast_candidate,rentcast,4,0,3,1,0,2150,2825,opa_backfill,2020+,,-75.160522,39.964542
1115 N American St,19123,,2674358015,info@compass.com,https://www.compass.com,,2024,6,46440,10603000,COMPASS,881000723,rentcast_candidate,rentcast,2,0,1,1,0,1600,3300,opa_backfill,2020+,derived_from_email,-75.14044,39.968334
519 S 21st St,19146,,,,,,1915,3,8400,2236800,TEN STONE PROPERTIES LLC,881124502,rentcast_candidate,rentcast,2,0,2,0,0,1595,1850,opa_backfill,Pre-1950,,-75.17672,39.945503
1439 Federal St,19146,,2157357368,gerardo@ocfrealty.com,https://www.ocfrealty.com,,2023,4,32640,6840100,Ocf Realty Llc,881000720,rentcast_candidate,rentcast,5,0,5,0,0,1394,1595,opa_backfill,2020+,rentcast_api,-75.16851,39.936153
427 Monroe St,19147,,2157357368,gerardo@ocfrealty.com,https://www.ocfrealty.com,,1930,4,10584,2269400,Ocf Realty Llc,881501030,rentcast_candidate,rentcast,7,0,5,2,0,1645,2445,opa_backfill,Pre-1950,rentcast_api,-75.150642,39.940285
4902 Spruce St,19139,,,,,,2022,8,180000,29847100,49TH & SPRUCE PARKING LP,881000278,rentcast_candidate,rentcast,2,0,2,0,0,1800,1850,opa_backfill,2020+,,-75.2206615,39.9536717
1430 South St,19146,,2157357368,gerardo@ocfrealty.com,https://www.ocfrealty.com,,2015,5,25909,7595100,Ocf Realty Llc,881020310,rentcast_candidate,rentcast,5,0,5,0,0,1720,1865,opa_backfill,2010-2019,rentcast_api,-75.166634,39.943626
509 S 44th St,19104,,,,,,,,,,,,rentcast_candidate,rentcast,2,0,2,0,0,1095,1425,unknown,,,-75.210938,39.949745
5303 Chester Ave,19143,,,,,,2024,3,6846,1239700,CAN PROPERTIES 1 LLC,881000544,rentcast_candidate,rentcast,2,0,2,0,0,1295,1295,opa_backfill,2020+,,-75.221916,39.940723
2328-44 N 2nd St,19133,,2153871002,chris@newagerealtygroup.com,https://www.newagerealtygroup.com,,2023,4,37448,4865600,New Age Realty Group,881427500,rentcast_candidate,rentcast,13,0,2,11,0,1395,1675,opa_backfill,2020+,rentcast_api,-75.136276,39.986374
1305 Locust St,19107,,,,,,1905,4,10000,2088300,1305 LOCUST LLC,881012205,rentcast_candidate,rentcast,3,0,3,0,0,1595,1645,opa_backfill,Pre-1950,,-75.162631,39.948122
1025 E Montgomery Ave,19125,,,,,,1915,2,10752,1469100,REGENCY 1025 LLC,881130601,rentcast_candidate,rentcast,2,0,2,0,0,1595,1595,opa_backfill,Pre-1950,,-75.126076,39.970158
2616 W Girard Ave,19130,,,,,,2020,4,21826,3132100,2616 W GIRARD LLC,881070279,rentcast_candidate,rentcast,4,0,3,1,0,1650,1950,opa_backfill,2020+,,-75.179558,39.973816
3460 Midvale Ave,19129,,,,,,2016,3,9000,1278800,3460 MIDVALE LP,881083650,rentcast_candidate,rentcast,3,0,2,1,0,1575,1925,opa_backfill,2010-2019,,-75.191429,40.014072
1224 Tasker St,19148,,,,,,1918,,,,,,rentcast_candidate,rentcast,2,0,2,0,0,1375,1375,rentcast_estimate,Pre-1950,,-75.165558,39.92997
200 W Sedgwick St,19119,,,,,,,,,,,,rentcast_candidate,rentcast,3,0,1,2,0,1350,1550,unknown,,,-75.191872,40.054379
2213 N 33rd St,19132,,,,,,1915,4,3218,402500,DORMAX PROPERTIES LLC,881125029,rentcast_candidate,rentcast,2,0,2,0,0,1200,1200,opa_backfill,Pre-1950,,-75.186279,39.990608
1501 Locust St,19102,,2157357368,gerardo@ocfrealty.com,https://www.ocfrealty.com,,1947,8,32900,6701800,Ocf Realty Llc,881030402,rentcast_candidate,rentcast,6,0,3,3,0,2145,3495,opa_backfill,Pre-1950,rentcast_api,-75.166351,39.948635
1824 N 54th St,19131,,,,,,1920,,,,,,rentcast_candidate,rentcast,2,0,1,1,0,1275,1275,rentcast_estimate,Pre-1950,,-75.231285,39.983238
720 N 5th St,19123,,,,,,1920,,,,,,rentcast_candidate,rentcast,2,0,2,0,0,1595,1595,rentcast_estimate,Pre-1950,,-75.146568,39.964176
2319 Cedar St,19125,,,,,,1875,3,2436,593700,HEADLEY JOSEPH WHARTON,881068735,rentcast_candidate,rentcast,2,0,2,0,0,1350,1350,opa_backfill,Pre-1950,,-75.125368,39.977909
4627 E Thompson St,19137,,,,,,1922,3,28370,4972700,ALL SAINTS DEVELOPMENT LL,881001236,rentcast_candidate,rentcast,2,0,1,1,0,1325,1595,opa_backfill,Pre-1950,,-75.06959,40.00202
134 W Mount Pleasant Ave,19119,,2672447215,philly-info@baymgmtgroup.com,https://www.baymgmtgroup/philadelphia,,1925,,,,Bay Management Group Philadelp,,rentcast_candidate,rentcast,3,0,3,0,0,1099,1099,rentcast_estimate,Pre-1950,rentcast_api,-75.191177,40.056606
903 N 42nd St,19104,,,,,,,,,,,,rentcast_candidate,rentcast,2,0,2,0,0,875,875,unknown,,,-75.208023,39.97023
520 N 19th St,19130,,,,,,1860,3,3198,640700,520 N 19TH STREET LLC,881809660,rentcast_candidate,rentcast,2,0,2,0,0,1595,1595,opa_backfill,Pre-1950,,-75.16951,39.963963
9513 Hoff St,19115,,,,,,1962,3,5940,818900,TARASCIO ANTONIO TR,881189230,rentcast_candidate,rentcast,2,0,2,0,0,1100,1100,opa_backfill,1950-1979,,-75.033249,40.083813
125 S 46th St,19139,,,,,,2018,3,12892,2296100,MANOR FLATS OFF SANSOM LLC,881214922,rentcast_candidate,rentcast,2,0,1,1,0,1638,2102,opa_backfill,2010-2019,,-75.213287,39.956081
1627 W Montgomery Ave,19121,,,,,,2015,4,9060,1288900,GLC MONTGOMERY LLC,881146825,rentcast_candidate,rentcast,3,0,1,2,0,1200,1600,opa_backfill,2010-2019,,-75.161964,39.980949
6040 Ogontz Ave,19141,,,,,,,,,,,,rentcast_candidate,rentcast,2,0,2,0,0,1050,1050,unknown,,,-75.15136,40.047501
943 Washington Ave,19147,,,,,,2024,5,25420,5233700,943 WASHINGTON LLC,881000819,rentcast_candidate,rentcast,2,0,1,1,0,1400,2350,opa_backfill,2020+,,-75.15966,39.936962
1617 E Roumfort Rd,19150,,,,,,,,,,,,rentcast_candidate,rentcast,2,0,2,0,0,1350,1350,unknown,,,-75.17556,40.083183
905 N 42nd St,19104,,,,,,,,,,,,rentcast_candidate,rentcast,2,0,1,1,0,850,970,unknown,,,-75.208031,39.970272
4643 Leiper St,19124,,2154429388,ed@edmcdonaldrealestate.com,https://www.edmcdonaldrealestate.com,,1930,3,4332,327700,"Hartsville Realty Property Management, Inc.",881000464,rentcast_candidate,rentcast,2,0,2,0,0,895,895,opa_backfill,Pre-1950,derived_from_email,-75.086868,40.017071
628 Wynnewood Rd,19151,,,,,,,,,,,,rentcast_candidate,rentcast,2,0,2,0,0,1000,1000,unknown,,,-75.246461,39.973107
1945 W Hunting Park Ave,19140,,2154429388,ed@edmcdonaldrealestate.com,https://www.edmcdonaldrealestate.com,,1940,2,2575,362300,"Hartsville Realty Property Management, Inc.",881427225,rentcast_candidate,rentcast,2,0,2,0,0,895,895,opa_backfill,Pre-1950,derived_from_email,-75.159443,40.013613
4936 N 17th St,19141,,,,,,,,,,,,rentcast_candidate,rentcast,2,0,2,0,0,1100,1100,unknown,,,-75.151962,40.029411
3222 Germantown Ave Unit D,19140,,,,,,2023,,,,,,rentcast_candidate,rentcast,2,0,2,0,0,1400,1500,rentcast_estimate,2020+,,-75.148628,40.001656
6338 N 18th St,19141,,,,,,,,,,,,rentcast_candidate,rentcast,2,0,1,1,0,1250,1475,unknown,,,-75.148865,40.051079
4125 Westminster Ave,19104,,,,,,,,,,,,rentcast_candidate,rentcast,2,0,1,1,0,1450,1700,unknown,,,-75.206673,39.970428
6338 Gardenia St,19144,,,,,,,,,,,,rentcast_candidate,rentcast,2,0,2,0,0,1200,1200,unknown,,,-75.178696,40.047295
4236 Chestnut St,19104,,,,,,1900,3,3310,706400,KARIS REAL ESTATE LLC,881612400,rentcast_candidate,rentcast,2,0,2,0,0,1050,1200,opa_backfill,Pre-1950,,-75.207352,39.956013
1244 S 22nd St,19146,,,,,,,,,,,,rentcast_candidate,rentcast,2,0,2,0,0,999,999,unknown,,,-75.180717,39.93653
5431 Baltimore Unit 1st Ave,19143,,2153227050,info@c21ag.com,https://www.c21ag.com/,,1933,,,,CENTURY 21 Advantage Gold,,rentcast_candidate,rentcast,2,0,1,1,0,1000,1100,rentcast_estimate,Pre-1950,rentcast_api,-75.232918,39.947746
60 N 23rd St,19103,,2155466000,nancyalperin@maxwellrealty.com,https://www.maxwellrealty.com,,,,,122185600,Maxwell Realty Co,881553998,rentcast_candidate,rentcast,13,0,13,0,0,2615,3640,opa_backfill,,rentcast_api,-75.177969,39.956478
4211 Chestnut St,19104,,,,,,2022,7,68208,22711400,4211 CHESTNUT LLC,881000132,rentcast_candidate,rentcast,2,0,2,0,0,1800,2900,opa_backfill,2020+,,-75.20694,39.956463
5721-45 Morris St,19144,,2154625100,cristinzioj@aol.com,https://www.mercuryrealestategroup.com,,1910,,,,Mercury Real Estate Group,,rentcast_candidate,rentcast,5,0,5,0,0,875,900,rentcast_estimate,Pre-1950,rentcast_api,-75.182271,40.030165
1628 Dyre St,19124,,,,,,,,,,,,rentcast_candidate,rentcast,2,0,1,1,0,1075,1350,unknown,,,-75.078598,40.020702
1822 E Glenwood Ave,19134,,6107245702,erin@opuselitere.com,https://www.opuselitere.com/,,1925,4,40362,3479500,Opus Elite Real Estate,881164413,rentcast_candidate,rentcast,3,0,3,0,0,1775,2000,opa_backfill,Pre-1950,rentcast_api,-75.103157,40.001039
406 W Walnut A1 Ln,19144,,,,,,1927,3,37612,3739400,400 WALNUT LANE LLC,881211300,rentcast_candidate,rentcast,2,0,2,0,0,1075,1200,opa_backfill,Pre-1950,,-75.184418,40.034485
699 N Broad St,19123,,6106359977,contactchrisshields@gmail.com,,,1894,,,,SERHANT PENNSYLVANIA LLC,,rentcast_candidate,rentcast,2,0,2,0,0,1640,2300,rentcast_estimate,Pre-1950,,-75.16009,39.96672
59 N 61st St,19139,,,,,,1920,,,,,,rentcast_candidate,rentcast,2,0,2,0,0,995,1045,rentcast_estimate,Pre-1950,,-75.242195,39.963612
1001 S Broad Street V Br,19147,,2674358015,info@compass.com,https://www.onthesquarerealestate.com/,,2024,,,,COMPASS,,rentcast_candidate,rentcast,2,0,1,1,0,4045,5275,rentcast_estimate,2020+,rentcast_api,-75.165184,39.938324
1010 Race St,19107,,2159808881,stephanieprg@gmail.com,,,1930,4,5312,991600,Home Vista Realty,881519205,rentcast_candidate,rentcast,2,0,2,0,0,1400,1750,opa_backfill,Pre-1950,,-75.156486,39.955149
621 S 16th St,19146,,8554500442,pabroker@therealbrokerage.com,https://onereal.com,,1915,3,2730,676000,"Real Broker, LLC - Philadelphia",881576700,rentcast_candidate,rentcast,2,0,1,1,0,1650,1900,opa_backfill,Pre-1950,rentcast_api,-75.168701,39.943352
1304 Oak Ln,19126,,,,,,1925,3,4100,502300,AJA HOMES LLC,881063200,rentcast_candidate,rentcast,2,0,1,1,0,1000,1250,opa_backfill,Pre-1950,,-75.139725,40.054382
4216 Westminster Ave,19104,,6105200100,klrw439@kw.com,https://brynmawr.yourkwoffice.com,,2023,4,13120,1870000,Keller Williams Main Line Realty,881000734,rentcast_candidate,rentcast,2,0,2,0,0,1100,1100,opa_backfill,2020+,rentcast_api,-75.208771,39.969784
3625 N 22nd Street Br,19140,,,,,,,,,,,,rentcast_candidate,rentcast,2,0,1,1,0,1390,1660,unknown,,,-75.164078,40.010166
3449 Scotts Ln,19129,,2672772035,cameron@skalerealestate.com,https://www.skalerealestate.com,,,,,6877000,Skale Real Estate,888000632,rentcast_candidate,rentcast,57,0,46,11,0,1350,2320,opa_backfill,,derived_from_email,-75.184448,40.009838
2200 N 11th St,19133,,,,,,2022,,,,,,rentcast_candidate,rentcast,6,0,6,0,0,800,900,rentcast_estimate,2020+,,-75.151115,39.985737
102 W Berks St,19122,,,,,,2021,5,24261,4715700,102 BERKS LLC,881000761,rentcast_candidate,rentcast,3,0,3,0,0,1450,1495,opa_backfill,2020+,,-75.133949,39.978443
7248 Rising Sun Ave,19111,,2154572600,tobias.biddle@gmail.com,,,2026,3,25920,4336800,Quality Real Estate,881001077,rentcast_candidate,rentcast,3,0,3,0,0,1125,1350,opa_backfill,2020+,,-75.084709,40.060875
5237 Chester Ave,19143,,2156273500,vicki@kwempower.com,https://www.kwempower.com,,1900,3,2672,514600,KW Empower,881707575,rentcast_candidate,rentcast,2,0,2,0,0,1050,1100,opa_backfill,Pre-1950,derived_from_email,-75.221436,39.941071
4324 Lancaster Ave,19104,,2672772035,cameron@skalerealestate.com,https://www.skalerealestate.com,,2023,3,40685,7038500,Skale Real Estate,881000385,rentcast_candidate,rentcast,17,0,15,2,0,1279,2010,opa_backfill,2020+,derived_from_email,-75.210709,39.968105
139 W Chelten Ave,19144,,2672772035,cameron@skalerealestate.com,https://www.skalerealestate.com,,2023,5,49300,7843700,Skale Real Estate,881000924,rentcast_candidate,rentcast,12,0,8,4,0,1325,1950,opa_backfill,2020+,derived_from_email,-75.178101,40.032951
308 W Chelten Ave,19144,,2677972175,info@jbmpgroup.com,https://www.jbmpgroup.com,,2023,5,40800,8133500,Jbmp Group,881000051,rentcast_candidate,rentcast,5,0,5,0,0,1330,1655,opa_backfill,2020+,rentcast_api,-75.180382,40.02993
4217 Mantua Ave,19104,,2159140700,arimiller@reinfo411.com,https://www.reinfo411.com,,2024,,,,Real Estate Management Advisor,,rentcast_candidate,rentcast,3,0,2,1,0,1495,1675,rentcast_estimate,2020+,derived_from_email,-75.209122,39.971954
3733 N 15th St,19140,,8663277673,kirk@prosperityindustries.net,https://www.prosperityindustries.net,,1940,,,,Prosperity Real Estate & Investment Services,,rentcast_candidate,rentcast,2,0,2,0,0,825,825,rentcast_estimate,Pre-1950,derived_from_email,-75.152458,40.010363
3211 Cedar St,19134,,2674358015,info@compass.com,http://jaimehyman.foxroach.com/,,1935,5,80068,5527200,COMPASS,881001390,rentcast_candidate,rentcast,5,0,2,3,0,1450,2495,opa_backfill,Pre-1950,rentcast_api,-75.105095,39.98811
1420 Locust St,19102,,2155451500,domb@allandomb.com,https://www.allandomb.com,,1977,,,,Allan Domb Real Estate,,rentcast_candidate,rentcast,4,0,4,0,0,1850,2450,rentcast_estimate,1950-1979,rentcast_api,-75.16583,39.947928
443 Fairmount Ave Unit D,19123,,2159237600,daryl.turner@cbpref.com,https://www.coldwellbankerhomes.com//pa/philadelphia/office/old-city/oid_5052/,,1920,,,,Coldwell Banker Realty,,rentcast_candidate,rentcast,3,0,1,2,0,1850,2350,rentcast_estimate,Pre-1950,rentcast_api,-75.146018,39.963229
7712 Watson St,19111,,,,,,1960,3,2376,435800,RICHARDSON & SMITH ENTERPRISES LLC,881171710,rentcast_candidate,rentcast,4,0,4,0,0,1350,1600,opa_backfill,1950-1979,,-75.08242,40.068638
8623 Germantown Ave,19118,,2152473600,info@elfantwissahickon.com,https://www.elfantwissahickon.com,,2025,4,43732,10027600,Elfant Wissahickon-Chestnut Hill,881000607,rentcast_candidate,rentcast,5,0,4,1,0,2660,4155,opa_backfill,2020+,rentcast_api,-75.207802,40.077259
6910 Ridge Ave,19128,,2672772035,cameron@skalerealestate.com,https://www.skalerealestate.com,,2022,5,63180,13329200,Skale Real Estate,881000182,rentcast_candidate,rentcast,19,0,12,7,0,1430,2200,opa_backfill,2020+,derived_from_email,-75.227837,40.043175
2238 N Camac St,19133,,2155456111,mcornelius@pre215.com,http://philadelphiarealtyexchange.com,,2014,,,,Philadelphia Realty Exchange,,rentcast_candidate,rentcast,2,0,2,0,0,725,725,rentcast_estimate,2010-2019,rentcast_api,-75.153252,39.986862
100 E Price St,19144,,2158441200,andon@elfantpontz.com,https://www.elfantpontz.com/,,1940,,,,Elfant Pontz Properties,,rentcast_candidate,rentcast,2,0,2,0,0,950,950,rentcast_estimate,Pre-1950,rentcast_api,-75.174011,40.03767
5634 Walnut St,19139,,6177109565,michael.lissack@gmail.com,,,1915,,,,TDACK Rental Management LLC,,rentcast_candidate,rentcast,2,0,2,0,0,995,1195,rentcast_estimate,Pre-1950,,-75.234978,39.957916
20-30 W Allens Ln,19119,,2672772035,cameron@skalerealestate.com,https://www.skalerealestate.com,,2025,4,76388,13626500,Skale Real Estate,881000387,rentcast_candidate,rentcast,36,0,10,26,0,1510,3100,opa_backfill,2020+,derived_from_email,-75.192192,40.060162
2015 N College Ave,19121,,2672772035,cameron@skalerealestate.com,https://www.skalerealestate.com,,2023,,,,Skale Real Estate,,rentcast_candidate,rentcast,2,0,2,0,0,1475,1475,rentcast_estimate,2020+,derived_from_email,-75.168963,39.975379
1901-39 Callowhill St,19130,,2158431414,dennis@tjmccarthyrealty.com,https://www.weichert.com/office/office.asp,,2013,,,,Weichert Realtors McCarthy Assoc-Northwest Phila,,rentcast_candidate,rentcast,4,0,3,1,0,2607,3411,rentcast_estimate,2010-2019,rentcast_api,-75.170647,39.960953
815 17 Poplar St,19123,,2674358015,info@compass.com,http://www.matt.aragona.kwrealty.com,,2024,5,118540,26600200,COMPASS,881519115,rentcast_candidate,rentcast,2,0,1,1,0,2545,3338,opa_backfill,2020+,rentcast_api,-75.150986,39.969013
624 N 35th St,19104,,2154674100,info@jg-realestate.com,https://www.jg-realestate.com,,2024,3,3948,844600,JG Real Estate,881000588,rentcast_candidate,rentcast,2,0,2,0,0,1135,1395,opa_backfill,2020+,rentcast_api,-75.193448,39.964589
1801 Market St,19103,,2155466000,nancyalperin@maxwellrealty.com,https://www.maxwellrealty.com,,1982,,,,Maxwell Realty Co,,rentcast_candidate,rentcast,40,0,40,0,0,2005,2595,rentcast_estimate,1980-1999,rentcast_api,-75.17038,39.953587
915 N Broad St,19123,,6105200100,klrw439@kw.com,https://brynmawr.yourkwoffice.com,,2025,7,79975,13547500,Keller Williams Main Line Realty,881439502,rentcast_candidate,rentcast,7,0,6,1,0,1615,3000,opa_backfill,2020+,rentcast_api,-75.159111,39.970764
8030-00 Ditman St,19136,,2153573900,david@reoeasy.com,http://www.reoeasy.com,,1960,,,,Hampton Preferred Real Estate,,rentcast_candidate,rentcast,2,0,1,1,0,1300,1600,rentcast_estimate,1950-1979,rentcast_api,-75.024422,40.03801
2742 Kensington Ave,19134,,,,,,,,,,,,rentcast_candidate,rentcast,4,0,4,0,0,1000,1100,unknown,,,-75.12413,39.990837
1440 N Front St,19122,,2156273500,vicki@kwempower.com,https://www.kwempower.com,,1920,,,,KW Empower,,rentcast_candidate,rentcast,6,0,4,2,0,1543,3400,rentcast_estimate,Pre-1950,derived_from_email,-75.135162,39.972965
1521-00 Wakeling St,19124,,2157950207,isstal22@gmail.com,,,1908,,,,"ISS Realty, LLC",,rentcast_candidate,rentcast,2,0,2,0,0,850,900,rentcast_estimate,Pre-1950,,-75.081078,40.020844
1099 Germantown Authentic Ave Unit B,19123,,2156273500,vicki@kwempower.com,https://www.kwempower.com,,2025,,,,KW Empower,,rentcast_candidate,rentcast,2,0,1,1,0,2845,3158,rentcast_estimate,2020+,derived_from_email,-75.139714,39.968043
21 E Price St,19144,,6105200100,klrw439@kw.com,https://brynmawr.yourkwoffice.com,,1910,,,,Keller Williams Main Line Realty,,rentcast_candidate,rentcast,2,0,2,0,0,1100,1100,rentcast_estimate,Pre-1950,rentcast_api,-75.175117,40.037315
1513 Ridge Ave,19130,,2672772035,cameron@skalerealestate.com,https://www.skalerealestate.com,,2019,5,13920,2435000,Skale Real Estate,881442550,rentcast_candidate,rentcast,2,0,2,0,0,1550,1650,opa_backfill,2010-2019,derived_from_email,-75.162216,39.968475
6459 N 16th St,19126,,8663277673,kirk@prosperityindustries.net,https://www.prosperityindustries.net,,1925,,,,Prosperity Real Estate & Investment Services,,rentcast_candidate,rentcast,3,0,2,1,0,1550,1750,rentcast_estimate,Pre-1950,derived_from_email,-75.144882,40.052284
2100-2 Walnut St,19103,,2155466000,nancyalperin@maxwellrealty.com,https://www.maxwellrealty.com,,1900,,,,Maxwell Realty Co,,rentcast_candidate,rentcast,11,0,10,1,0,1690,3105,rentcast_estimate,Pre-1950,rentcast_api,-75.176018,39.950497
1103 Lindley Ave,19141,,6102063955,jrclark3200@aol.com,,,1940,,,,Opulent Realty Group LLC,,rentcast_candidate,rentcast,2,0,2,0,0,1000,1000,rentcast_estimate,Pre-1950,,-75.141365,40.030193
7037 Ridge Ave,19128,,2154674100,info@jg-realestate.com,https://www.jg-realestate.com,,1955,2,4872,2941700,JG Real Estate,881000450,rentcast_candidate,rentcast,4,0,3,1,0,1375,1750,opa_backfill,1950-1979,rentcast_api,-75.22934,40.04464
1325 N Beach St,19125,,6106359977,prince@serhant.com,http://meetmichaelprince.com,,1917,,,,SERHANT PENNSYLVANIA LLC,,rentcast_candidate,rentcast,7,0,5,2,0,2052,8840,rentcast_estimate,Pre-1950,rentcast_api,-75.126427,39.967049
4432-00 Wingate St,19136,,2154429388,ed@edmcdonaldrealestate.com,https://www.edmcdonaldrealestate.com,,2026,3,15120,2532300,"Hartsville Realty Property Management, Inc.",881001260,rentcast_candidate,rentcast,6,0,2,4,0,1600,1800,opa_backfill,2020+,derived_from_email,-75.017876,40.040672
1125 Sansom St,19107,,2156273500,vicki@kwempower.com,http://tcsgroup.com,,2024,20,500850,149888300,KW Empower,881000424,rentcast_candidate,rentcast,16,0,12,4,0,2177,4230,opa_backfill,2020+,rentcast_api,-75.159599,39.94967
3413 N 19th St,19140,,2672520223,joeloonstyn@gmail.com,,,2025,4,5440,47200,Loonstyn Brothers Realty LLC,881001475,rentcast_candidate,rentcast,4,0,3,1,0,1325,1795,opa_backfill,2020+,,-75.159813,40.006088
627 N 16th St,19130,,6106478300,alexcoates3@gmail.com,https://kwdevonwayne.kw.com/,,1860,3,4608,745000,Keller Williams Realty Devon-Wayne,881001398,rentcast_candidate,rentcast,3,0,3,0,0,1795,1995,opa_backfill,Pre-1950,rentcast_api,-75.163849,39.965691
2040 Market St,19103,,7864030330,idaliz@alkinarealty.com,https://www.alkinarealty.com,,1968,,,,Alkina Corp.,,rentcast_candidate,rentcast,6,0,6,0,0,2220,2455,rentcast_estimate,1950-1979,derived_from_email,-75.174648,39.95339
1133 E Columbia Ave,19125,,2677972175,info@jbmpgroup.com,https://www.jbmpgroup.com,,2020,6,37099,6451300,Jbmp Group,881000184,rentcast_candidate,rentcast,2,0,1,1,0,1795,2995,opa_backfill,2020+,rentcast_api,-75.129826,39.969918
3727 Baring St,19104,,,,,,1930,3,3510,658400,NOTOS LLC,881001028,rentcast_candidate,rentcast,2,0,1,1,0,1966,2799,opa_backfill,Pre-1950,,-75.196739,39.961063
219-29 S 18th St,19103,,2152842891,danmaneely71@gmail.com,,,1900,,,,Liberty Bell Real Estate Brokerage LLC,,rentcast_candidate,rentcast,3,0,3,0,0,2290,2450,rentcast_estimate,Pre-1950,,-75.17041,39.949253
3412 N 19th St,19140,,2159687400,bbertolino@newtownproperties.com,https://www.newtownproperties.com,,1925,,,,RE/MAX Properties-Newtown,,rentcast_candidate,rentcast,3,0,1,2,0,1200,1650,rentcast_estimate,Pre-1950,derived_from_email,-75.1605,40.006523
208 Vine St,19106,,2156273500,vicki@kwempower.com,https://www.kwempower.com,,2026,6,39960,8929400,KW Empower,881001220,rentcast_candidate,rentcast,5,0,5,0,0,1900,1975,opa_backfill,2020+,derived_from_email,-75.143074,39.95536
2119 S 13th St,19148,,2154625100,cristinzioj@aol.com,https://www.mercuryrealestategroup.com,,1925,,,,Mercury Real Estate Group,,rentcast_candidate,rentcast,2,0,2,0,0,1575,1575,rentcast_estimate,Pre-1950,rentcast_api,-75.167428,39.923576
1233 N 6th St,19122,,6108223356,alexandria.stewart@cbpref.com,https://www.coldwellbankerhomes.com/pa/philadelphia/agent/alexandria-alex-stewart/aid_183566/,,1915,3,3600,805200,COMPASS,881000794,rentcast_candidate,rentcast,2,0,2,0,0,1400,1400,opa_backfill,Pre-1950,rentcast_api,-75.146126,39.971306
6515 Ridge Ave,19128,,2158217487,leasing@mgmtresidential.com,http://mgmtresidential.com,,2025,6,108840,18314100,Mgmt Residential,881000603,rentcast_candidate,rentcast,9,0,7,2,0,1625,2295,opa_backfill,2020+,rentcast_api,-75.222824,40.038723
410 Diamond St,19122,,2154674100,info@jg-realestate.com,https://www.jg-realestate.com,,1900,,,,JG Real Estate,,rentcast_candidate,rentcast,3,0,2,1,0,1111,1495,rentcast_estimate,Pre-1950,rentcast_api,-75.140793,39.982533
3131 Walnut St,19104,,2156273500,vicki@kwempower.com,http://tcsgroup.com,,1929,,,,KW Empower,,rentcast_candidate,rentcast,29,0,9,20,0,2414,3561,rentcast_estimate,Pre-1950,rentcast_api,-75.187078,39.952339
2601 Pennsylvania Ave,19130,,6108223356,lindsaygoodrealtor@gmail.com,https://www.lindsaygoodrealtor.com,,1950,,,,COMPASS,,rentcast_candidate,rentcast,3,0,3,0,0,1699,1800,rentcast_estimate,1950-1979,rentcast_api,-75.180567,39.968796
241 S 6th St,19106,,2155451500,domb@allandomb.com,https://www.allandomb.com,,1980,,,,Allan Domb Real Estate,,rentcast_candidate,rentcast,2,0,2,0,0,2150,2400,rentcast_estimate,1980-1999,rentcast_api,-75.150853,39.946059
927 N 2nd St,19123,,2157357368,gerardo@ocfrealty.com,https://www.ocfrealty.com,,1920,,,,Ocf Realty Llc,,rentcast_candidate,rentcast,2,0,2,0,0,1895,1895,rentcast_estimate,Pre-1950,rentcast_api,-75.140305,39.964737
721 N 16th St,19130,,6105200100,klrw439@kw.com,https://brynmawr.yourkwoffice.com,,2023,5,11900,1686100,Keller Williams Main Line Realty,881000511,rentcast_candidate,rentcast,2,0,2,0,0,2000,2050,opa_backfill,2020+,rentcast_api,-75.16333,39.967903
719 N 35th St,19104,,,,,,2024,3,6987,1045000,M2K ACQUISITIONS LLC,881822867,rentcast_candidate,rentcast,2,0,2,0,0,1789,1868,opa_backfill,2020+,,-75.193336,39.966816
1126 E Passyunk Ave,19147,,2157357368,gerardo@ocfrealty.com,https://www.ocfrealty.com,,1915,3,5434,831000,Ocf Realty Llc,881573360,rentcast_candidate,rentcast,2,0,2,0,0,1495,1495,opa_backfill,Pre-1950,rentcast_api,-75.157448,39.935093
1346 N 27th St,19121,,,,,,2018,4,9549,1413600,PYRAMID PROPETY GROUP LL,881833100,rentcast_candidate,rentcast,2,0,2,0,0,1250,1250,opa_backfill,2010-2019,,-75.18004,39.976978
1716 W Erie Ave,19140,,8663277673,kirk@prosperityindustries.net,https://www.prosperityindustries.net,,1930,,,,Prosperity Real Estate & Investment Services,,rentcast_candidate,rentcast,3,0,3,0,0,650,700,rentcast_estimate,Pre-1950,derived_from_email,-75.156654,40.009701
2301-61 John F Kennedy Blvd,19103,,2155466000,nancyalperin@maxwellrealty.com,https://www.maxwellrealty.com,,2024,23,333040,99407300,Maxwell Realty Co,881000636,rentcast_candidate,rentcast,29,0,20,9,0,2355,4460,opa_backfill,2020+,rentcast_api,-75.178307,39.955589
6237 Germantown Ave,19144,,2158217487,leasing@mgmtresidential.com,http://mgmtresidential.com,,2025,4,48640,7614900,Mgmt Residential,881000604,rentcast_candidate,rentcast,4,0,4,0,0,1465,2095,opa_backfill,2020+,rentcast_api,-75.180542,40.043301
230-38 N 21st St,19103,,2155466000,nancyalperin@maxwellrealty.com,https://www.maxwellrealty.com,,1932,,,,Maxwell Realty Co,,rentcast_candidate,rentcast,3,0,3,0,0,1960,2215,rentcast_estimate,Pre-1950,rentcast_api,-75.174553,39.95871
23 S 23rd St,19103,,2155466000,nancyalperin@maxwellrealty.com,https://www.maxwellrealty.com,,1900,,,,Maxwell Realty Co,,rentcast_candidate,rentcast,3,0,2,1,0,2895,5800,rentcast_estimate,Pre-1950,rentcast_api,-75.177669,39.953347
1900-20 Arch St,19103,,2155466000,nancyalperin@maxwellrealty.com,https://www.maxwellrealty.com,,2014,,,,Maxwell Realty Co,,rentcast_candidate,rentcast,15,0,12,3,0,2245,3625,rentcast_estimate,2010-2019,rentcast_api,-75.171672,39.955172
1729 W Master St,19121,,2156273500,vicki@kwempower.com,http://www.dalyluxuryhomes.com,,1915,3,6006,598500,KW Empower,881146276,rentcast_candidate,rentcast,2,0,2,0,0,850,850,opa_backfill,Pre-1950,rentcast_api,-75.164963,39.975452
2406 Frankford Ave,19125,,2674358015,info@compass.com,http://jaimehyman.foxroach.com/,,2024,4,16300,3404700,COMPASS,881001003,rentcast_candidate,rentcast,5,0,3,2,0,1500,2150,opa_backfill,2020+,rentcast_api,-75.127617,39.981812
2149 Ridge Ave Unit A,19121,,2155587000,marvincappsrealty@gmail.com,,,2018,,,,Marvin Capps Realty,,rentcast_candidate,rentcast,2,0,1,1,0,1100,1300,rentcast_estimate,2010-2019,,-75.170532,39.979416
240 W Ontario St,19140,,2156273500,vicki@kwempower.com,https://www.kwempower.com,,1920,,,,KW Empower,,rentcast_candidate,rentcast,2,0,1,1,0,1200,1225,rentcast_estimate,Pre-1950,derived_from_email,-75.134171,40.00222
233 S 6th St,19106,,2155451500,domb@allandomb.com,https://www.allandomb.com,,1985,,,,Allan Domb Real Estate,,rentcast_candidate,rentcast,2,0,1,1,0,2250,5750,rentcast_estimate,1980-1999,rentcast_api,-75.150853,39.946059
720 W Thompson St,19122,,2156273500,vicki@kwempower.com,http://tcsgroup.com,,2022,6,60668,14121000,KW Empower,881000047,rentcast_candidate,rentcast,8,0,7,1,0,1415,2200,opa_backfill,2020+,rentcast_api,-75.148949,39.971561
5530 Boyer St,19138,,2672520223,joeloonstyn@gmail.com,,,2026,,,,Loonstyn Brothers Realty LLC,,rentcast_candidate,rentcast,2,0,2,0,0,1250,1425,rentcast_estimate,2020+,,-75.160614,40.045216
1724 Monument Individual St,19121,,2154223711,info@plusrealtors.com,http://www.plusrealtors.com,,2016,,,,Plus Realtors,,rentcast_candidate,rentcast,2,0,2,0,0,625,650,rentcast_estimate,2010-2019,rentcast_api,-75.162682,39.982796
1600 Arch St,19103,,2154223711,info@plusrealtors.com,http://www.plusrealtors.com,,2020,,,,Plus Realtors,,rentcast_candidate,rentcast,2,0,2,0,0,2799,2799,rentcast_estimate,2020+,rentcast_api,-75.166996,39.954588
52 W Washington Ln,19144,,2672772035,cameron@skalerealestate.com,https://www.skalerealestate.com,,2021,3,14321,2665600,Skale Real Estate,881212195,rentcast_candidate,rentcast,4,0,3,1,0,1425,1700,opa_backfill,2020+,derived_from_email,-75.181877,40.04187
4932 Chestnut St,19139,,,,,,,,,,,,rentcast_candidate,rentcast,3,0,3,0,0,1150,1150,unknown,,,-75.220398,39.957623
2001 Hamilton St,19130,,6108961900,garyhendler1@gmail.com,https://null,,1970,,,,Suburban R E Rentals & Sales,,rentcast_candidate,rentcast,2,0,2,0,0,1865,1875,rentcast_estimate,1950-1979,rentcast_api,-75.172126,39.962827
2623 Christian St,19146,,2157357368,gerardo@ocfrealty.com,https://www.ocfrealty.com,,2021,3,6468,2557100,Ocf Realty Llc,881578450,rentcast_candidate,rentcast,5,0,5,0,0,1576,1745,opa_backfill,2020+,rentcast_api,-75.186813,39.942844
1416 Frankford Ave,19125,,2674358015,info@compass.com,http://jaimehyman.foxroach.com/,,1920,4,22520,4270400,COMPASS,881006509,rentcast_candidate,rentcast,2,0,2,0,0,1650,1750,opa_backfill,Pre-1950,rentcast_api,-75.134781,39.972317
4122 Haverford Ave,19104,,2157357368,gerardo@ocfrealty.com,https://www.ocfrealty.com,,2025,5,42985,9317700,Ocf Realty Llc,881000622,rentcast_candidate,rentcast,3,0,3,0,0,1279,1299,opa_backfill,2020+,rentcast_api,-75.206474,39.962253
2520 N Front St,19133,,2672772035,cameron@skalerealestate.com,https://www.skalerealestate.com,,2024,4,13768,2497500,Skale Real Estate,881000423,rentcast_candidate,rentcast,6,0,5,1,0,1272,1900,opa_backfill,2020+,derived_from_email,-75.131676,39.988373
901 N Penn St,19123,,2153764444,bill@billmulhern.com,https://www.billmulhern.com,,2009,,,,Realty Mark Huntingdon Valley,,rentcast_candidate,rentcast,2,0,2,0,0,2200,2450,rentcast_estimate,2000-2009,derived_from_email,-75.13451,39.961707
1829 N 33rd St,19121,,6105200100,klrw439@kw.com,https://brynmawr.yourkwoffice.com,,1915,,,,Keller Williams Main Line Realty,,rentcast_candidate,rentcast,2,0,1,1,0,1050,1450,rentcast_estimate,Pre-1950,rentcast_api,-75.187515,39.984985
6428 W Girard Ave,19151,,2152842891,danmaneely71@gmail.com,http://www.danmaneely.com,,1925,,,,Liberty Bell Real Estate Brokerage LLC,,rentcast_candidate,rentcast,2,0,1,1,0,1300,1450,rentcast_estimate,Pre-1950,rentcast_api,-75.248344,39.970589
214 Vine St,19106,,2672772035,cameron@skalerealestate.com,https://www.skalerealestate.com,,2023,6,24414,7161400,Skale Real Estate,881000062,rentcast_candidate,rentcast,6,0,3,3,0,1650,2500,opa_backfill,2020+,derived_from_email,-75.143272,39.955528
2017 N College Ave,19121,,2672772035,cameron@skalerealestate.com,https://www.skalerealestate.com,,2020,,,,Skale Real Estate,,rentcast_candidate,rentcast,2,0,2,0,0,1495,1495,rentcast_estimate,2020+,derived_from_email,-75.169014,39.975346
2513 N Howard St,19133,,2672772035,cameron@skalerealestate.com,https://www.skalerealestate.com,,2021,3,13608,1192100,Skale Real Estate,881000116,rentcast_candidate,rentcast,5,0,4,1,0,1295,1595,opa_backfill,2020+,derived_from_email,-75.132233,39.988354
2438 N 20th St,19132,,8663277673,kirk@prosperityindustries.net,https://www.prosperityindustries.net,,1920,,,,Prosperity Real Estate & Investment Services,,rentcast_candidate,rentcast,4,0,1,3,0,1000,1100,rentcast_estimate,Pre-1950,derived_from_email,-75.165047,39.991676
1310 Spruce St,19107,,2157357368,gerardo@ocfrealty.com,https://www.ocfrealty.com,,1920,4,12849,2301800,Ocf Realty Llc,881013400,rentcast_candidate,rentcast,3,0,3,0,0,1825,1975,opa_backfill,Pre-1950,rentcast_api,-75.163132,39.946592
1221 N 4th St,19122,,2159255559,jmaranksy@theenvgroup.com,https://www.theenvgroup.com,,2024,,,,Envision Realty Group,,rentcast_candidate,rentcast,3,0,3,0,0,1500,1750,rentcast_estimate,2020+,derived_from_email,-75.142685,39.97073
1825 Callowhill St,19130,,2152224412,realestate@orensbrothers.com,http://www.orensbrothers.com,,2022,6,59995,14235700,Orens Bros. Real Estate Inc.,881551135,rentcast_candidate,rentcast,4,0,3,1,0,2100,3000,opa_backfill,2020+,rentcast_api,-75.169327,39.960773
3836 Haverford Ave,19104,,2156276005,clientservices@foxroach.com,https://societyhill.foxroach.com,,2023,3,4800,1101900,BHHS Fox & Roach Center City-Society Hill,881001031,rentcast_candidate,rentcast,2,0,1,1,0,1395,1575,opa_backfill,2020+,rentcast_api,-75.198624,39.963074
5200-10 Chester Ave,19143,,2159237600,daryl.turner@cbpref.com,https://www.coldwellbankerhomes.com//pa/philadelphia/office/old-city/oid_5052/,,2024,,,,Coldwell Banker Realty,,rentcast_candidate,rentcast,5,0,2,3,0,1399,1899,rentcast_estimate,2020+,rentcast_api,-75.220177,39.941204
1546 Frankford Ave,19125,,2156273500,vicki@kwempower.com,https://www.instagram.com/marina_ruiz/,,1915,3,7308,1139300,KW Empower,881068600,rentcast_candidate,rentcast,2,0,2,0,0,1300,1550,opa_backfill,Pre-1950,rentcast_api,-75.13372,39.974072
3449 Scotts Lane Scotts Ln,19129,,2672772035,cameron@skalerealestate.com,https://www.skalerealestate.com,,,,,6877000,Skale Real Estate,888000632,rentcast_candidate,rentcast,16,0,4,12,0,1500,2350,opa_backfill,,derived_from_email,-75.184448,40.009838
1700 Frankford Ave Unit A,19125,,2674358015,info@compass.com,http://jaimehyman.foxroach.com/,,2024,3,10254,2282900,COMPASS,881688135,rentcast_candidate,rentcast,2,0,1,1,0,1625,2350,opa_backfill,2020+,rentcast_api,-75.1334,39.974712
451 W Bringhurst St,19144,,2672447215,philly-info@baymgmtgroup.com,https://www.baymgmtgroup/philadelphia,,1920,,,,Bay Management Group Philadelp,,rentcast_candidate,rentcast,2,0,2,0,0,1095,1095,rentcast_estimate,Pre-1950,rentcast_api,-75.175994,40.023854
204 S 17th St,19103,,2155466000,nancyalperin@maxwellrealty.com,https://www.maxwellrealty.com,,1925,,,,Maxwell Realty Co,,rentcast_candidate,rentcast,2,0,2,0,0,1650,1875,rentcast_estimate,Pre-1950,rentcast_api,-75.169258,39.949661
2433 N 50th St,19131,,2158660050,info@elfantwissahickon.com,http://elfantwissahickon.com,,1917,,,,Elfant Wissahickon Realtors-Fishtown,,rentcast_candidate,rentcast,2,0,1,1,0,1350,1550,rentcast_estimate,Pre-1950,rentcast_api,-75.226772,39.998854
6219 Haverford Ave,19151,,,,,,,,,,,,rentcast_candidate,rentcast,2,0,2,0,0,700,1000,unknown,,,-75.243523,39.971924
5001 Umbria St,19128,,2158217487,leasing@mgmtresidential.com,http://mgmtresidential.com,,2021,5,55000,25599900,Mgmt Residential,881000119,rentcast_candidate,rentcast,6,0,6,0,0,1795,1925,opa_backfill,2020+,rentcast_api,-75.235863,40.035995
5122 Arch St,19139,,6102063955,jrclark3200@aol.com,,,1925,3,2980,449300,Opulent Realty Group LLC,881143290,rentcast_candidate,rentcast,2,0,1,1,0,1000,1100,opa_backfill,Pre-1950,,-75.223366,39.96122
815-37 Arch St,19107,,2155466000,nancyalperin@maxwellrealty.com,https://www.maxwellrealty.com,,2007,,,,Maxwell Realty Co,,rentcast_candidate,rentcast,2,0,2,0,0,1650,1795,rentcast_estimate,2000-2009,rentcast_api,-75.154129,39.953789
1070 N Front St,19123,,2154002600,remaxsteveo@gmail.com,https://accessphilly.com,,1950,,,,Remax Access,,rentcast_candidate,rentcast,2,0,1,1,0,1575,1775,rentcast_estimate,1950-1979,rentcast_api,-75.136971,39.967213
2036 Germantown Ave,19122,,2156432500,sedarous.mina@gmail.com,,,2023,,,,Howard Hanna Real Estate Services - A,,rentcast_candidate,rentcast,2,0,2,0,0,1100,1250,rentcast_estimate,2020+,,-75.144119,39.982468
1839 N 33rd St,19121,,2672447215,philly-info@baymgmtgroup.com,https://www.baymgmtgroup/philadelphia,,1915,,,,Bay Management Group Philadelp,,rentcast_candidate,rentcast,2,0,2,0,0,1150,1150,rentcast_estimate,Pre-1950,rentcast_api,-75.187454,39.98526
3965 Lancaster Ave,19104,,2154674100,info@jg-realestate.com,https://www.jg-realestate.com,,2018,4,13460,1372000,JG Real Estate,881428828,rentcast_candidate,rentcast,6,0,3,3,0,1145,1995,opa_backfill,2010-2019,rentcast_api,-75.202087,39.96331
721 Spruce St,19106,,2674632428,team@rentscene.com,https://null,,1850,4,5628,791800,"BMB Living, Inc.",881515600,rentcast_candidate,rentcast,2,0,1,1,0,1695,2745,opa_backfill,Pre-1950,rentcast_api,-75.153908,39.945892
5416 Baltimore Ave,19143,,2155457007,cristym@phillyliving.com,https://www.phillyliving.com,,2024,3,3852,641200,"Philly LMG, LLC",881000987,rentcast_candidate,rentcast,2,0,2,0,0,1200,1200,opa_backfill,2020+,derived_from_email,-75.231972,39.947514
5409 Christian St,19143,,2155457007,cristym@phillyliving.com,https://www.phillyliving.com,,2020,,,,"Philly LMG, LLC",,rentcast_candidate,rentcast,2,0,2,0,0,1350,1350,rentcast_estimate,2020+,derived_from_email,-75.231651,39.948173
1618 South St,19146,,,,,,,,,,,,rentcast_candidate,rentcast,2,0,2,0,0,1650,1650,unknown,,,-75.169464,39.943909
1726 Pine St,19103,,2157357368,gerardo@ocfrealty.com,https://www.ocfrealty.com,,1890,,,,Ocf Realty Llc,,rentcast_candidate,rentcast,2,0,2,0,0,1695,1695,rentcast_estimate,Pre-1950,rentcast_api,-75.170998,39.946102
689 N Broad St,19123,,2154674100,info@jg-realestate.com,https://www.jg-realestate.com,,2025,5,18115,3479300,JG Real Estate,881001048,rentcast_candidate,rentcast,8,0,8,0,0,1390,1600,opa_backfill,2020+,rentcast_api,-75.160332,39.966152
207 W Washington Sq,19106,,2674632428,team@rentscene.com,https://null,,2006,,,,"BMB Living, Inc.",,rentcast_candidate,rentcast,2,0,2,0,0,2554,2854,rentcast_estimate,2000-2009,rentcast_api,-75.15097,39.94736
1219-23 Constitution Ave,19112,,2674358015,info@compass.com,https://www.compass.com,,,,,,COMPASS,,rentcast_candidate,rentcast,3,0,3,0,0,1745,1935,unknown,,derived_from_email,-75.17265,39.89174
2826 Poplar St,19130,,2157632100,clientservices@foxroach.com,https://artmuseum.foxroach.com,,1920,,,,BHHS Fox & Roach Center City-Art Museum,,rentcast_candidate,rentcast,2,0,1,1,0,1650,1850,rentcast_estimate,Pre-1950,rentcast_api,-75.183132,39.972955
1333 S 49th St,19143,,6103920266,boris.kindij@gmail.com,http://teslarealtygroup.com,,1940,,,,"Tesla Realty Group, LLC",,rentcast_candidate,rentcast,2,0,1,1,0,1000,1350,rentcast_estimate,Pre-1950,rentcast_api,-75.212798,39.94133
414 S 16th St,19146,,,,,,,,,,,,rentcast_candidate,rentcast,2,0,2,0,0,2195,2195,unknown,,,-75.168755,39.945522
1614 Ridge Ave,19130,,2672772035,cameron@skalerealestate.com,https://www.skalerealestate.com,,2022,5,45020,7116300,Skale Real Estate,881442492,rentcast_candidate,rentcast,3,0,3,0,0,1800,2050,opa_backfill,2020+,derived_from_email,-75.163979,39.96936
1841 Bainbridge St,19146,,2157357368,gerardo@ocfrealty.com,https://www.ocfrealty.com,,1900,3,3705,746100,Ocf Realty Llc,881577700,rentcast_candidate,rentcast,2,0,2,0,0,1485,1550,opa_backfill,Pre-1950,rentcast_api,-75.173439,39.943821
119 W Susquehanna Ave,19122,,2156276005,clientservices@foxroach.com,https://societyhill.foxroach.com,,1915,3,4500,672500,BHHS Fox & Roach Center City-Society Hill,881001302,rentcast_candidate,rentcast,2,0,1,1,0,1200,1250,opa_backfill,Pre-1950,rentcast_api,-75.133659,39.98362
2401 Frankford Ave,19125,,2154674100,info@jg-realestate.com,https://www.jg-realestate.com,,2021,4,14585,2815500,JG Real Estate,881000111,rentcast_candidate,rentcast,3,0,2,1,0,1695,2095,opa_backfill,2020+,rentcast_api,-75.127144,39.981716
856 N 19th St,19130,,2674358015,info@compass.com,https://www.compass.com,,2026,,,,COMPASS,,rentcast_candidate,rentcast,3,0,2,1,0,1650,2000,rentcast_estimate,2020+,derived_from_email,-75.168076,39.970448
1801 N Howard St,19122,,2674358015,info@compass.com,https://www.compass.com,,1891,5,30000,4283300,COMPASS,881076100,rentcast_candidate,rentcast,4,0,4,0,0,1500,1695,opa_backfill,Pre-1950,derived_from_email,-75.134567,39.977455
6101 Locust St,19139,,2672447215,philly-info@baymgmtgroup.com,https://www.baymgmtgroup/philadelphia,,1925,,,,Bay Management Group Philadelp,,rentcast_candidate,rentcast,2,0,2,0,0,1200,1200,rentcast_estimate,Pre-1950,rentcast_api,-75.243707,39.958241
121-33 S 43rd St,19104,,2156273500,vicki@kwempower.com,https://www.tammymcmullin.kw.com,,1927,4,10998,1667200,KW Empower,881121020,rentcast_candidate,rentcast,7,0,7,0,0,1372,1644,opa_backfill,Pre-1950,rentcast_api,-75.208382,39.955387
1913 S 20th St,19145,,2156273500,vicki@kwempower.com,https://www.kwempower.com,,1920,2,1856,445400,KW Empower,881001317,rentcast_candidate,rentcast,2,0,2,0,0,1000,1000,opa_backfill,Pre-1950,derived_from_email,-75.178596,39.927692
230 Market St,19106,,2156041191,support@homesmartrealtyadvisors.com,http://www.joinhomesmart.com,,1900,4,5372,1246800,Homesmart Realty Advisors,881007015,rentcast_candidate,rentcast,2,0,1,1,0,1550,2250,opa_backfill,Pre-1950,rentcast_api,-75.144867,39.949818
5356-58 Cedar Ave,19143,,2155457007,cristym@phillyliving.com,https://www.phillyliving.com,,1920,3,6250,731500,"Philly LMG, LLC",881450880,rentcast_candidate,rentcast,4,0,4,0,0,1500,1500,opa_backfill,Pre-1950,derived_from_email,-75.230522,39.950672
7103 Rising Sun Ave Unit B,19111,,2159687400,bbertolino@newtownproperties.com,https://www.newtownproperties.com,,1925,,,,RE/MAX Properties-Newtown,,rentcast_candidate,rentcast,3,0,2,1,0,1200,1450,rentcast_estimate,Pre-1950,derived_from_email,-75.086632,40.058216
3232 N Dover St,19129,,,,,,,,,,,,rentcast_candidate,rentcast,2,0,2,0,0,1350,1350,unknown,,,-75.176233,40.00549
1930 Bainbridge St,19146,,2155457007,cristym@phillyliving.com,https://www.phillyliving.com,,1915,3,2206,572300,"Philly LMG, LLC",881111810,rentcast_candidate,rentcast,2,0,2,0,0,1225,1485,opa_backfill,Pre-1950,derived_from_email,-75.174805,39.943741
2401 Washington Ave,19146,,2156273500,vicki@kwempower.com,https://www.kwempower.com,,2025,5,32500,8001700,KW Empower,881140002,rentcast_candidate,rentcast,3,0,2,1,0,1600,2650,opa_backfill,2020+,derived_from_email,-75.183797,39.940154
526 Brown St,19123,,2157357368,gerardo@ocfrealty.com,https://www.ocfrealty.com,,2021,6,37854,8953600,Ocf Realty Llc,881553500,rentcast_candidate,rentcast,6,0,2,4,0,1898,2695,opa_backfill,2020+,rentcast_api,-75.147467,39.964325
209 New St,19106,,2156273500,vicki@kwempower.com,https://www.kwempower.com,,2026,6,39960,8929400,KW Empower,881001220,rentcast_candidate,rentcast,3,0,2,1,0,2050,3200,opa_backfill,2020+,derived_from_email,-75.143204,39.95533
6702 Oakley St,19111,,,,,,1960,2,6416,897500,OAKLEY EQUITIES LLC,881130100,rentcast_candidate,rentcast,3,0,3,0,0,1195,11951,opa_backfill,1950-1979,,-75.093689,40.054485
1917 Spring Garden St,19130,,2159202116,janisdubin@settledownphiladelphia.com,http://www.settledownphiladelphia.com,,1880,,,,Settle Down Philadelphia,,rentcast_candidate,rentcast,4,0,4,0,0,1200,1650,rentcast_estimate,Pre-1950,rentcast_api,-75.16996,39.963814
2121-41 Market St,19103,,2674358015,info@compass.com,https://www.tcsgroup.com/agent/liela-rushton/,,1914,,,,COMPASS,,rentcast_candidate,rentcast,6,0,6,0,0,1855,2335,rentcast_estimate,Pre-1950,rentcast_api,-75.176125,39.954285
1825 E Atlantic St,19134,,6105200100,klrw439@kw.com,https://brynmawr.yourkwoffice.com,,1920,2,32364,4715500,Keller Williams Main Line Realty,881000937,rentcast_candidate,rentcast,6,0,6,0,0,1750,1800,opa_backfill,Pre-1950,rentcast_api,-75.104485,40.000469
1849 E Venango St,19134,,6105200100,klrw439@kw.com,https://brynmawr.yourkwoffice.com,,1940,3,18834,1740400,Keller Williams Main Line Realty,881000863,rentcast_candidate,rentcast,5,0,5,0,0,1800,2000,opa_backfill,Pre-1950,rentcast_api,-75.10289,40.000538
5001 Frankford Ave,19124,,,,,,1950,3,19095,1612100,5001 FRANKFORD LLC,881000551,rentcast_candidate,rentcast,2,0,1,1,0,1295,1795,opa_backfill,1950-1979,,-75.080057,40.020311
1822 E Glenwood St,19134,,6105200100,klrw439@kw.com,https://brynmawr.yourkwoffice.com,,1925,4,40362,3479500,Keller Williams Main Line Realty,881164413,rentcast_candidate,rentcast,2,0,2,0,0,1800,2000,opa_backfill,Pre-1950,rentcast_api,-75.102898,40.00124
301 Market St,19106,,2157357368,gerardo@ocfrealty.com,https://www.ocfrealty.com,,1900,,,,Ocf Realty Llc,,rentcast_candidate,rentcast,3,0,3,0,0,1875,1895,rentcast_estimate,Pre-1950,rentcast_api,-75.145798,39.950367
1810 E Venango St,19134,,6105200100,klrw439@kw.com,https://brynmawr.yourkwoffice.com,,1930,5,49248,4147600,Keller Williams Main Line Realty,881001062,rentcast_candidate,rentcast,10,0,2,8,0,2500,2800,opa_backfill,Pre-1950,rentcast_api,-75.10392,40.000652
3450 J St,19134,,6105200100,klrw439@kw.com,https://brynmawr.yourkwoffice.com,,1915,4,25386,4004800,Keller Williams Main Line Realty,881142952,rentcast_candidate,rentcast,4,0,4,0,0,1700,2200,opa_backfill,Pre-1950,rentcast_api,-75.109032,40.000149
2930 Walnut St,19104,,2674358015,info@compass.com,http://jaimehyman.foxroach.com/,,2023,,,,COMPASS,,rentcast_candidate,rentcast,6,0,2,4,0,2745,5254,rentcast_estimate,2020+,rentcast_api,-75.18355,39.95161
8327 Ridge Ave,19128,,2158217487,leasing@mgmtresidential.com,http://mgmtresidential.com,,2025,4,34164,6874400,Mgmt Residential,881000445,rentcast_candidate,rentcast,4,0,3,1,0,1550,2095,opa_backfill,2020+,rentcast_api,-75.238244,40.060749
2301 Frankford Ave,19125,,2153831439,khadeejahjohnson@gmail.com,http://ianwilson.foxroach.com/,,1875,,,,Madison Parke LLC,,rentcast_candidate,rentcast,2,0,2,0,0,1500,1500,rentcast_estimate,Pre-1950,rentcast_api,-75.128243,39.980402
7712-14 Watson St,19111,,2159698989,lende@comcast.net,,,1960,3,2376,435800,Home Solutions Realty Group Llc,881171710,rentcast_candidate,rentcast,6,0,6,0,0,1350,1500,opa_backfill,1950-1979,,-75.08242,40.068638
444 N 4th St,19123,,2152224412,realestate@orensbrothers.com,http://www.orensbrothers.com,,2009,,,,Orens Bros. Real Estate Inc.,,rentcast_candidate,rentcast,2,0,1,1,0,2600,2925,rentcast_estimate,2000-2009,rentcast_api,-75.145882,39.959217
5029 Penn St,19124,,2673505555,info@cbhearthside.com,http://www.cbhre.com,,1920,3,5868,498300,Coldwell Banker Hearthside-Regional Sales Center,881222350,rentcast_candidate,rentcast,2,0,2,0,0,950,1000,opa_backfill,Pre-1950,rentcast_api,-75.081078,40.02195
1534 Ridge Ave,19130,,2672772035,cameron@skalerealestate.com,https://www.skalerealestate.com,,2018,5,6954,1877300,Skale Real Estate,881000088,rentcast_candidate,rentcast,2,0,1,1,0,1575,2077,opa_backfill,2010-2019,derived_from_email,-75.163109,39.968792
5938 Henry Ave,19128,,6108223356,alexandria.stewart@cbpref.com,https://www.coldwellbankerhomes.com/pa/philadelphia/agent/alexandria-alex-stewart/aid_183566/,,2018,,,,COMPASS,,rentcast_candidate,rentcast,4,0,3,1,0,1450,2100,rentcast_estimate,2010-2019,rentcast_api,-75.208426,40.032928
600 N Broad St,19130,,2674358015,info@compass.com,https://www.tcsgroup.com/agent/liela-rushton/,,2011,,,,COMPASS,,rentcast_candidate,rentcast,5,0,2,3,0,1815,2615,rentcast_estimate,2010-2019,rentcast_api,-75.161855,39.964222
171 Grape St,19127,,,,,,2010,,,,,,rentcast_candidate,rentcast,2,0,2,0,0,1450,1575,rentcast_estimate,2010-2019,,-75.221478,40.026593
404 Fountain St,19128,,2158217487,leasing@mgmtresidential.com,http://mgmtresidential.com,,2022,4,45600,8083500,Mgmt Residential,881000932,rentcast_candidate,rentcast,3,0,3,0,0,1450,1725,opa_backfill,2020+,rentcast_api,-75.224342,40.037811
3804 N Darien St,19140,,,,,,1940,,,,,,rentcast_candidate,rentcast,2,0,2,0,0,775,800,rentcast_estimate,Pre-1950,,-75.142021,40.009895
2120-34 E York St,19125,,6105200100,klrw439@kw.com,https://brynmawr.yourkwoffice.com,,2019,5,39956,9609200,Keller Williams Main Line Realty,881068779,rentcast_candidate,rentcast,4,0,4,0,0,1038,1406,opa_backfill,2010-2019,rentcast_api,-75.12825,39.98177
6618 Ridge Ave,19128,,2158217487,leasing@mgmtresidential.com,http://mgmtresidential.com,,2022,5,48685,6929200,Mgmt Residential,881000097,rentcast_candidate,rentcast,4,0,2,2,0,1595,2100,opa_backfill,2020+,rentcast_api,-75.224213,40.039516
4106 Old York Rd,19140,,8663277673,kirk@prosperityindustries.net,https://www.prosperityindustries.net,,1940,,,,Prosperity Real Estate & Investment Services,,rentcast_candidate,rentcast,3,0,3,0,0,950,950,rentcast_estimate,Pre-1950,derived_from_email,-75.14753,40.015282
2037 Spring Garden St,19130,,2677972175,info@jbmpgroup.com,https://www.jbmpgroup.com,,1890,,,,Jbmp Group,,rentcast_candidate,rentcast,2,0,2,0,0,1595,1797,rentcast_estimate,Pre-1950,rentcast_api,-75.172462,39.964161
2107-00 Green St,19130,,2677972175,info@jbmpgroup.com,https://www.jbmpgroup.com,,1920,,,,Jbmp Group,,rentcast_candidate,rentcast,2,0,2,0,0,1788,1895,rentcast_estimate,Pre-1950,rentcast_api,-75.172836,39.965496
4840 E Roosevelt Blvd,19124,,8663277673,kirk@prosperityindustries.net,https://www.prosperityindustries.net,,1925,,,,Prosperity Real Estate & Investment Services,,rentcast_candidate,rentcast,2,0,2,0,0,1100,1100,rentcast_estimate,Pre-1950,derived_from_email,-75.095322,40.026855
3028 W Dauphin St,19132,,2156276005,clientservices@foxroach.com,https://societyhill.foxroach.com,,2024,3,13528,491100,BHHS Fox & Roach Center City-Society Hill,881001471,rentcast_candidate,rentcast,11,0,3,8,0,1000,1450,opa_backfill,2020+,rentcast_api,-75.182594,39.99115
1525 Green St,19130,,2677972175,info@jbmpgroup.com,https://www.jbmpgroup.com,,1920,3,3195,719100,Jbmp Group,881800500,rentcast_candidate,rentcast,2,0,1,1,0,1865,2150,opa_backfill,Pre-1950,rentcast_api,-75.163826,39.964394
315 New St,19106,,2158660050,info@elfantwissahickon.com,http://elfantwissahickon.com,,1870,,,,Elfant Wissahickon Realtors-Fishtown,,rentcast_candidate,rentcast,2,0,1,1,0,2400,2650,rentcast_estimate,Pre-1950,rentcast_api,-75.145327,39.95568
613 N Brooklyn St,19104,,6105200100,klrw439@kw.com,https://brynmawr.yourkwoffice.com,,2026,,,,Keller Williams Main Line Realty,,rentcast_candidate,rentcast,9,0,8,1,0,1250,2200,rentcast_estimate,2020+,rentcast_api,-75.20755,39.962925
1731 Tilghman St,19122,,2677972175,info@jbmpgroup.com,https://www.jbmpgroup.com,,2024,5,31119,5287200,Jbmp Group,881000628,rentcast_candidate,rentcast,5,0,2,3,0,1695,2437,opa_backfill,2020+,rentcast_api,-75.137444,39.97699
257 N 3rd St,19106,,2154674100,info@jg-realestate.com,https://www.jg-realestate.com,,1920,4,6040,1736700,JG Real Estate,881006210,rentcast_candidate,rentcast,2,0,2,0,0,1375,1550,opa_backfill,Pre-1950,rentcast_api,-75.144257,39.955582
4900 Walton Ave,19143,,,,,,,,,,,,rentcast_candidate,rentcast,3,0,1,2,0,1100,1250,unknown,,,-75.221291,39.948784
334-38 Lombard St,19147,,2677972175,info@jbmpgroup.com,https://www.jbmpgroup.com,,1922,3,10716,2009300,Jbmp Group,881504200,rentcast_candidate,rentcast,2,0,2,0,0,1695,1725,opa_backfill,Pre-1950,rentcast_api,-75.148628,39.94241
808-18 N 3rd St,19123,,2677972175,info@jbmpgroup.com,https://www.jbmpgroup.com,,1825,4,16864,7255500,Jbmp Group,881000892,rentcast_candidate,rentcast,2,0,1,1,0,1750,2000,opa_backfill,Pre-1950,rentcast_api,-75.143127,39.963871
2130 Arch St,19103,,2155466000,nancyalperin@maxwellrealty.com,https://www.maxwellrealty.com,,1996,,,,Maxwell Realty Co,,rentcast_candidate,rentcast,4,0,2,2,0,2170,3415,rentcast_estimate,1980-1999,rentcast_api,-75.175955,39.955847
6619 Ridge Ave,19128,,2158217487,leasing@mgmtresidential.com,http://mgmtresidential.com,,2016,,,,Mgmt Residential,,rentcast_candidate,rentcast,2,0,2,0,0,1585,1585,rentcast_estimate,2010-2019,rentcast_api,-75.223412,40.039661
5508-00 Walnut St,19139,,6102063955,madalyneleby@gmail.com,http://phillyareahomesforsale.com/,,1925,,,,Opulent Realty Group LLC,,rentcast_candidate,rentcast,2,0,2,0,0,1050,1050,rentcast_estimate,Pre-1950,rentcast_api,-75.231918,39.957504
527 E Chelten Ave,19144,,,,,,,,,,,,rentcast_candidate,rentcast,2,0,2,0,0,900,1050,unknown,,,-75.168274,40.042469
2400 W Montgomery Ave,19121,,2154223711,info@plusrealtors.com,http://www.plusrealtors.com,,2024,3,5688,957000,Plus Realtors,881000491,rentcast_candidate,rentcast,2,0,1,1,0,1247,1650,opa_backfill,2020+,rentcast_api,-75.173907,39.982168
2720 W Thompson St,19121,,2153540100,artem135@comcast.net,http://www.newcenturyre.com,,2022,3,3372,1330000,New Century Real Estate,881000225,rentcast_candidate,rentcast,3,0,2,1,0,1600,2700,opa_backfill,2020+,rentcast_api,-75.180832,39.976437
1533-1535 Ridge Ave,19130,,2672772035,cameron@skalerealestate.com,https://www.skalerealestate.com,,2022,5,21198,4888800,Skale Real Estate,881000293,rentcast_candidate,rentcast,2,0,2,0,0,1625,1675,opa_backfill,2020+,derived_from_email,-75.162483,39.968906
7105 Ridge Ave,19128,,2158217487,leasing@mgmtresidential.com,http://mgmtresidential.com,,2023,3,6252,1350200,Mgmt Residential,881000679,rentcast_candidate,rentcast,2,0,2,0,0,1595,1695,opa_backfill,2020+,rentcast_api,-75.230011,40.044922
235 N Columbus Blvd,19106,,2155466000,nancyalperin@maxwellrealty.com,https://www.maxwellrealty.com,,2015,,,,Maxwell Realty Co,,rentcast_candidate,rentcast,6,0,6,0,0,2050,2595,rentcast_estimate,2010-2019,rentcast_api,-75.138901,39.954899
1611-15 Ridge Ave,19130,,2153764444,raygaber@comcast.net,http://www.realtymark.net,,2020,5,10350,2099700,Realty Mark Associates-Kop,881442494,rentcast_candidate,rentcast,2,0,1,1,0,1650,1850,opa_backfill,2020+,rentcast_api,-75.163704,39.969788
3346 N Howard St,19140,,2152266200,amberrayrealtor@gmail.com,https://www.genesisrealtyphilly.com,,1945,,,,Genesis Real Estate Services,,rentcast_candidate,rentcast,2,0,1,1,0,1350,1550,rentcast_estimate,Pre-1950,rentcast_api,-75.129936,40.001259
5013 Springfield Ave,19143,,2159237600,daryl.turner@cbpref.com,https://www.coldwellbankerhomes.com//pa/philadelphia/office/old-city/oid_5052/,,2022,5,59830,11753600,Coldwell Banker Realty,881000813,rentcast_candidate,rentcast,4,0,1,3,0,1549,1799,opa_backfill,2020+,rentcast_api,-75.220436,39.944382
115 S 21st St,19103,,,,,,1900,,,,,,rentcast_candidate,rentcast,2,0,2,0,0,1695,1895,rentcast_estimate,Pre-1950,,-75.176346,39.953758
1601-3 Cherry St,19102,,2155466000,nancyalperin@maxwellrealty.com,https://www.maxwellrealty.com,,1969,9,127458,38585900,Maxwell Realty Co,881000573,rentcast_candidate,rentcast,17,0,17,0,0,2060,2320,opa_backfill,1950-1979,rentcast_api,-75.166954,39.956047
1720 N 24th St,19121,,2156273500,vicki@kwempower.com,https://www.kwempower.com,,1920,,,,KW Empower,,rentcast_candidate,rentcast,3,0,3,0,0,1100,1100,rentcast_estimate,Pre-1950,derived_from_email,-75.174081,39.981488
4133 Brown St,19104,,6107245702,erin@opuselitere.com,https://www.opuselitere.com/,,1920,,,,Opus Elite Real Estate,,rentcast_candidate,rentcast,2,0,1,1,0,1150,1250,rentcast_estimate,Pre-1950,rentcast_api,-75.207146,39.96722
1155 S 15th St,19146,,2157357368,gerardo@ocfrealty.com,https://www.ocfrealty.com,,2023,4,32640,6840100,Ocf Realty Llc,881000720,rentcast_candidate,rentcast,4,0,4,0,0,1342,1366,opa_backfill,2020+,rentcast_api,-75.168556,39.936413
6631 Blakemore St,19119,,2674624222,lhowell@rogrestore.com,https://www.rogrestore.com/,,1925,,,,Realty One Group Restore-BlueBell,,rentcast_candidate,rentcast,2,0,2,0,0,1100,1100,rentcast_estimate,Pre-1950,rentcast_api,-75.176865,40.058849
2115 S 20th St,19145,,,,,,,,,,,,rentcast_candidate,rentcast,2,0,2,0,0,1250,1250,unknown,,,-75.179129,39.925152
538 Federal St,19147,,2677972175,info@jbmpgroup.com,https://www.jbmpgroup.com,,1930,2,13680,4924700,Jbmp Group,881000674,rentcast_candidate,rentcast,2,0,1,1,0,1550,2600,opa_backfill,Pre-1950,rentcast_api,-75.154053,39.933407
6619 Blakemore St,19119,,2153572020,walt@2020realestate.net,https://www.waltmarchowsky.com,,1925,,,,20 20 Real Estate - Bensalem,,rentcast_candidate,rentcast,4,0,2,2,0,1050,1215,rentcast_estimate,Pre-1950,rentcast_api,-75.17646,40.058464
1438 Snyder Ave,19145,,2156273500,vicki@kwempower.com,https://www.searchphilly.house/,,1920,,,,KW Empower,,rentcast_candidate,rentcast,2,0,1,1,0,1250,1350,rentcast_estimate,Pre-1950,rentcast_api,-75.17125,39.924377
2101 Washington Ave,19146,,2157357368,gerardo@ocfrealty.com,https://www.ocfrealty.com,,2025,6,382389,63376800,Ocf Realty Llc,881000835,rentcast_candidate,rentcast,2,0,2,0,0,1454,2084,opa_backfill,2020+,rentcast_api,-75.17896,39.939707
235 S 15th St,19102,,2155466000,nancyalperin@maxwellrealty.com,https://www.maxwellrealty.com,,1927,,,,Maxwell Realty Co,,rentcast_candidate,rentcast,5,0,3,2,0,1330,2130,rentcast_estimate,Pre-1950,rentcast_api,-75.166069,39.94817
1602 Spruce St,19103,,6106478300,alexcoates3@gmail.com,https://kwdevonwayne.kw.com/,,1890,,,,Keller Williams Realty Devon-Wayne,,rentcast_candidate,rentcast,2,0,2,0,0,2395,2395,rentcast_estimate,Pre-1950,rentcast_api,-75.168289,39.94725
2427 E Allegheny Ave,19134,,2155647656,deborah@solorealty.com,https://www.solorealty.com,,1915,,,,"Solo Real Estate, Inc.",,rentcast_candidate,rentcast,2,0,1,1,0,1250,1500,rentcast_estimate,Pre-1950,rentcast_api,-75.105072,39.987522
1726 S 53rd St,19143,,2674675648,angie@parealestatepros.com,https://www.parealestatepros.com,,1920,,,,Real Estate Professionals,,rentcast_candidate,rentcast,2,0,1,1,0,1400,1600,rentcast_estimate,Pre-1950,derived_from_email,-75.21711,39.936672
2725 W Girard Ave,19130,,,,,,,,,,,,rentcast_candidate,rentcast,3,0,2,1,0,1550,1750,unknown,,,-75.181274,39.974522
4243 Mantua Ave,19104,,6105200100,klrw439@kw.com,https://brynmawr.yourkwoffice.com,,2024,,,,Keller Williams Main Line Realty,,rentcast_candidate,rentcast,2,0,1,1,0,1100,1300,rentcast_estimate,2020+,rentcast_api,-75.209816,39.972141
1723 Mount Vernon St,19130,,2156273500,vicki@kwempower.com,http://www.homesweethomephl.com,,1909,,,,KW Empower,,rentcast_candidate,rentcast,2,0,1,1,0,1400,1550,rentcast_estimate,Pre-1950,rentcast_api,-75.166718,39.965427
875 Sansom St,19107,,2674358015,info@compass.com,https://www.compass.com,,2016,,,,COMPASS,,rentcast_candidate,rentcast,5,0,5,0,0,2425,2725,rentcast_estimate,2010-2019,derived_from_email,-75.15522,39.94911
3515 Midvale Ave,19129,,2672772035,cameron@skalerealestate.com,https://www.skalerealestate.com,,2022,5,36405,6319500,Skale Real Estate,881000429,rentcast_candidate,rentcast,4,0,1,3,0,1575,1938,opa_backfill,2020+,derived_from_email,-75.192703,40.013157
1733 W Erie Ave,19140,,6103920266,boris.kindij@gmail.com,http://teslarealtygroup.com,,1930,,,,"Tesla Realty Group, LLC",,rentcast_candidate,rentcast,3,0,1,2,0,1250,1470,rentcast_estimate,Pre-1950,rentcast_api,-75.15715,40.010296
4240 Chestnut St,19104,,2677972175,info@jbmpgroup.com,https://www.jbmpgroup.com,,2024,5,100295,24704300,Jbmp Group,881001159,rentcast_candidate,rentcast,2,0,1,1,0,1670,2108,opa_backfill,2020+,rentcast_api,-75.207772,39.956041
2401 N 2nd St,19133,,2677972175,info@jbmpgroup.com,https://www.jbmpgroup.com,,2025,6,80898,9672000,Jbmp Group,881000004,rentcast_candidate,rentcast,2,0,2,0,0,1300,1300,opa_backfill,2020+,rentcast_api,-75.135472,39.987202
1438 S 13th St,19147,,2674358015,info@compass.com,http://www.askbaldwin.com,,1915,,,,COMPASS,,rentcast_candidate,rentcast,2,0,1,1,0,1350,1550,rentcast_estimate,Pre-1950,rentcast_api,-75.166084,39.93177
711 W Thompson St,19122,,2157357368,gerardo@ocfrealty.com,https://www.ocfrealty.com,,2021,4,102690,919800,Ocf Realty Llc,886671000,rentcast_candidate,rentcast,3,0,1,2,0,1645,1845,opa_backfill,2020+,rentcast_api,-75.149055,39.972046
3458 Frankford Ave,19134,,2672520223,joeloonstyn@gmail.com,,,1910,,,,Loonstyn Brothers Realty LLC,,rentcast_candidate,rentcast,3,0,3,0,0,1245,1250,rentcast_estimate,Pre-1950,,-75.103989,39.996689
500 N 13th St,19123,,2155457007,cristym@phillyliving.com,https://www.phillyliving.com,,1940,6,30450,5433200,"Philly LMG, LLC",881519532,rentcast_candidate,rentcast,2,0,2,0,0,2000,2000,opa_backfill,Pre-1950,derived_from_email,-75.159653,39.961414
503-29 N Columbus Blvd,19123,,2674358015,info@compass.com,http://jaimehyman.foxroach.com/,,,,,,COMPASS,,rentcast_candidate,rentcast,4,0,1,3,0,1610,2870,unknown,,rentcast_api,-75.13586,39.95925
1934 Green St,19130,,2152598121,info@heyphilly.rent,https://www.heyphilly.rent,,1920,,,,Hey Realty LLC,,rentcast_candidate,rentcast,2,0,1,1,0,2250,2600,rentcast_estimate,Pre-1950,derived_from_email,-75.170403,39.964737
126 N 53rd St,19139,,8663277673,kirk@prosperityindustries.net,https://www.prosperityindustries.net,,1925,,,,Prosperity Real Estate & Investment Services,,rentcast_candidate,rentcast,3,0,3,0,0,850,1000,rentcast_estimate,Pre-1950,derived_from_email,-75.226585,39.962498
6621 Blakemore St,19119,,2674624222,lhowell@rogrestore.com,https://www.rogrestore.com/,,1925,,,,Realty One Group Restore-BlueBell,,rentcast_candidate,rentcast,2,0,2,0,0,1100,1100,rentcast_estimate,Pre-1950,rentcast_api,-75.176529,40.058533
929 S 12th St,19147,,2156276005,clientservices@foxroach.com,https://societyhill.foxroach.com,,1915,4,12706,2192200,BHHS Fox & Roach Center City-Society Hill,881001110,rentcast_candidate,rentcast,2,0,2,0,0,1100,1100,opa_backfill,Pre-1950,rentcast_api,-75.162598,39.938728
6339 Carnation St,19144,,,,,,,,,,,,rentcast_candidate,rentcast,2,0,2,0,0,1175,1175,unknown,,,-75.178101,40.047867
5847 Willows Ave,19143,,2157357368,gerardo@ocfrealty.com,https://www.ocfrealty.com,,1915,,,,Ocf Realty Llc,,rentcast_candidate,rentcast,2,0,2,0,0,1295,1295,rentcast_estimate,Pre-1950,rentcast_api,-75.235016,39.93972
4330 Pine St,19104,,,,,,1900,,,,,,rentcast_candidate,rentcast,2,0,1,1,0,1225,1645,rentcast_estimate,Pre-1950,,-75.210403,39.951378
623 W Oxford St,19122,,2156273500,vicki@kwempower.com,http://www.rootedrealty.com,,1915,,,,KW Empower,,rentcast_candidate,rentcast,3,0,2,1,0,1100,1450,rentcast_estimate,Pre-1950,rentcast_api,-75.146439,39.975941
4373 Cresson St,19127,,2154835717,mkershawrealty@aol.com,https://www.bobenslin.com,,1930,,,,Kershaw Real Estate,,rentcast_candidate,rentcast,2,0,2,0,0,1650,1700,rentcast_estimate,Pre-1950,rentcast_api,-75.224113,40.026733
6803 Emlen St,19119,,,,,,1928,,,,,,rentcast_candidate,rentcast,3,0,3,0,0,1225,1385,rentcast_estimate,Pre-1950,,-75.19035,40.05002
6014 Irving St,19139,,,,,,,,,,,,rentcast_candidate,rentcast,2,0,2,0,0,750,750,unknown,,,-75.242429,39.95713
1610 S 24th St,19145,,2153831439,info@tcsmgt.com,https://www.tcsmgt.com,,1925,,,,"TCS Management, LLC",,rentcast_candidate,rentcast,2,0,2,0,0,1200,1200,rentcast_estimate,Pre-1950,rentcast_api,-75.184959,39.93232
1909 W Chew Ave,19141,,,,,,1945,2,2240,398100,AZURE HOMES LLC,881001090,rentcast_candidate,rentcast,2,0,1,1,0,1500,1500,opa_backfill,Pre-1950,,-75.152767,40.040585
6100 Henry Ave,19128,,2154835717,mkershawrealty@aol.com,https://www.bobenslin.com,,1960,,,,Kershaw Real Estate,,rentcast_candidate,rentcast,2,0,1,1,0,1735,1800,rentcast_estimate,1950-1979,rentcast_api,-75.21135,40.03747
813 N Broad St,19123,,2157357368,gerardo@ocfrealty.com,https://www.ocfrealty.com,,2024,4,48860,9492500,Ocf Realty Llc,881001116,rentcast_candidate,rentcast,2,0,2,0,0,1398,1415,opa_backfill,2020+,rentcast_api,-75.159676,39.968681
1601 Cherry St,19102,,2155466000,nancyalperin@maxwellrealty.com,https://www.maxwellrealty.com,,1969,9,127458,38585900,Maxwell Realty Co,881000573,rentcast_candidate,rentcast,3,0,1,2,0,2080,3045,opa_backfill,1950-1979,rentcast_api,-75.166946,39.956051
6649 Blakemore St,19119,,2677679370,aleere2022@gmail.com,https://www.thehomegirltasha.com/,,1925,,,,Realty One Group Focus,,rentcast_candidate,rentcast,3,0,3,0,0,1425,1425,rentcast_estimate,Pre-1950,rentcast_api,-75.177483,40.059483
449 N 50th St,19139,,,,,,,,,,,,rentcast_candidate,rentcast,2,0,1,1,0,1111,1111,unknown,,,-75.219986,39.965298
1221 Lindley Ave,19141,,,,,,,,,,,,rentcast_candidate,rentcast,2,0,2,0,0,825,1075,unknown,,,-75.143776,40.030342
5502 W Thompson St,19131,,,,,,,,,,,,rentcast_candidate,rentcast,2,0,1,1,0,900,950,unknown,,,-75.231117,39.972252
3718 Spring Garden St,19104,,,,,,,,,,,,rentcast_candidate,rentcast,2,0,1,1,0,1350,1700,unknown,,,-75.196472,39.962177
8030 Ditman St,19136,,2019573574,info@newandmodern.com,http://www.surenrealtor.com,,1960,,,,"New and Modern Group, LLC",,rentcast_candidate,rentcast,3,0,1,2,0,1175,1600,rentcast_estimate,1950-1979,rentcast_api,-75.024448,40.038071
3919 Ridge Ave,19132,,2156273500,vicki@kwempower.com,https://centercitylistings.com/agent/vasili_barbounis/8524214,,2022,3,4887,773300,KW Empower,881001097,rentcast_candidate,rentcast,2,0,1,1,0,1350,1900,opa_backfill,2020+,rentcast_api,-75.187317,40.00555
2501 Washington Ave,19146,,2156273500,vicki@kwempower.com,http://tcsgroup.com,,2020,,,,KW Empower,,rentcast_candidate,rentcast,6,0,1,5,0,1635,2375,rentcast_estimate,2020+,rentcast_api,-75.185303,39.940483
420 W Ruscomb St,19120,,,,,,1930,3,2622,258400,GIRALDO SERGIO,881000714,rentcast_candidate,rentcast,2,0,1,1,0,825,950,opa_backfill,Pre-1950,,-75.131473,40.026971
1470 N 52nd St,19131,,,,,,,,,,,,rentcast_candidate,rentcast,2,0,0,2,0,1300,1300,unknown,,,-75.226995,39.976082
2215 N 10th St,19133,,,,,,1925,,,,,,rentcast_candidate,rentcast,2,0,0,2,0,1111,1400,rentcast_estimate,Pre-1950,,-75.148994,39.985767
4165 Lancaster Ave,19104,,,,,,,,,,,,rentcast_candidate,rentcast,2,0,0,2,0,1250,1250,unknown,,,-75.207212,39.966536
6012 Irving St,19139,,,,,,,,,,,,rentcast_candidate,rentcast,2,0,0,2,0,1200,1200,unknown,,,-75.242372,39.957123
3761 N 18th St,19140,,,,,,,,,,,,rentcast_candidate,rentcast,2,0,0,2,0,1111,1111,unknown,,,-75.157066,40.011471
2248 E Somerset St,19134,,,,,,2025,5,119700,31322200,PHADC SOMERSET LLC,881000370,rentcast_candidate,rentcast,3,0,0,3,0,1913,1913,opa_backfill,2020+,,-75.117155,39.985058
4114 Haverford Ave,19104,,,,,,1940,2,25300,4614600,DAJ HAVERFORD LLC,881000187,rentcast_candidate,rentcast,2,0,0,2,0,1450,1595,opa_backfill,Pre-1950,,-75.206192,39.962296
5504 W Thompson St,19131,,8663277673,kirk@prosperityindustries.net,https://www.prosperityindustries.net,,1915,,,,Prosperity Real Estate & Investment Services,,rentcast_candidate,rentcast,3,0,0,3,0,1095,1095,rentcast_estimate,Pre-1950,derived_from_email,-75.231178,39.972237
423 N 40th St,19104,,,,,,2016,3,33500,4107300,415-21 N 40TH STREET LP,881161710,rentcast_candidate,rentcast,2,0,0,2,0,1650,1650,opa_backfill,2010-2019,,-75.201868,39.96113
872 N 46th St,19139,,,,,,,,,,,,rentcast_candidate,rentcast,2,0,0,2,0,1375,1375,unknown,,,-75.213951,39.968418
5500 W Thompson St,19131,,8663277673,kirk@prosperityindustries.net,https://www.prosperityindustries.net,,1915,,,,Prosperity Real Estate & Investment Services,,rentcast_candidate,rentcast,2,0,0,2,0,1050,1100,rentcast_estimate,Pre-1950,derived_from_email,-75.231064,39.972244
729 N 20th St,19130,,,,,,1985,,,,,,rentcast_candidate,rentcast,2,0,0,2,0,2850,2850,rentcast_estimate,1980-1999,,-75.169731,39.968094
817 N 20th St,19130,,,,,,2022,4,7200,1372500,812 N UBER STREET LLC,881001019,rentcast_candidate,rentcast,2,0,0,2,0,2495,2495,opa_backfill,2020+,,-75.16938,39.969685
1221 N 27t St,19121,,,,,,2017,3,5880,924400,1221 N 27TH STREET PARTNERS LLC,881070220,rentcast_candidate,rentcast,3,0,0,3,0,1600,1800,opa_backfill,2010-2019,,-75.180084,39.974682
4021 Haverford Ave,19104,,,,,,2022,4,11310,1727700,IRA DEVELOPMENT LLC,881001229,rentcast_candidate,rentcast,2,0,0,2,0,1600,1600,opa_backfill,2020+,,-75.203617,39.963102
1951 Point Breeze Ave,19145,,,,,,2023,4,6624,5486300,IRA DEVELOPMENT LLC,881000304,rentcast_candidate,rentcast,4,0,0,4,0,1800,1800,opa_backfill,2020+,,-75.185349,39.92802
7033 Ridge Ave,19128,,,,,,1955,2,4872,2941700,TEMPLIN DONNA PAPIRO TR,881000450,rentcast_candidate,rentcast,2,0,0,2,0,1325,1325,opa_backfill,1950-1979,,-75.22908,40.044548
2 Leverington Ave,19127,,2156273500,vicki@kwempower.com,https://www.kwempower.com,,2004,,,,KW Empower,,rentcast_candidate,rentcast,2,0,0,2,0,2560,2595,rentcast_estimate,2000-2009,derived_from_email,-75.231415,40.029866
4815 Griscom St,19124,,,,,,,,,,,,rentcast_candidate,rentcast,2,0,0,2,0,1300,1495,unknown,,,-75.083064,40.018586
9440 Woodbridge Rd,19114,,,,,,1976,,,,,,rentcast_candidate,rentcast,2,0,0,2,0,1600,1700,rentcast_estimate,1950-1979,,-75.016098,40.06694
775 S 20th St,19146,,,,,,1915,,,,,,rentcast_candidate,rentcast,2,0,0,2,0,1975,1975,rentcast_estimate,Pre-1950,,-75.175443,39.942121
422 N 40th St,19104,,,,,,2015,,,,,,rentcast_candidate,rentcast,2,0,0,2,0,1800,1800,rentcast_estimate,2010-2019,,-75.202454,39.961193
1221 N 27th St,19121,,,,,,2017,3,5880,924400,1221 N 27TH STREET PARTNERS LLC,881070220,rentcast_candidate,rentcast,2,0,0,2,0,1900,1950,opa_backfill,2010-2019,,-75.180084,39.974682
1802 N 16th St,19121,,,,,,2011,3,6232,877100,826 N BROAD LLC,881146812,rentcast_candidate,rentcast,3,0,0,3,0,1329,1329,opa_backfill,2010-2019,,-75.161018,39.980808
547 E Tulpehocken St,19144,,,,,,,,,,,,rentcast_candidate,rentcast,2,0,0,2,0,1150,1350,unknown,,,-75.172508,40.049297
751 N 20th St,19130,,,,,,2018,,,,,,rentcast_candidate,rentcast,2,0,0,2,0,2895,2895,rentcast_estimate,2010-2019,,-75.169601,39.968651
749 N 20th St,19130,,,,,,2018,,,,,,rentcast_candidate,rentcast,2,0,0,2,0,2195,2195,rentcast_estimate,2010-2019,,-75.169617,39.968594
5801 Stockton Rd,19138,,,,,,,,,,,,rentcast_candidate,rentcast,2,0,0,2,0,1295,1295,unknown,,,-75.159676,40.052528
4732 D St,19120,,,,,,,,,,,,rentcast_candidate,rentcast,2,0,0,2,0,1400,1400,unknown,,,-75.116409,40.021633
1808 N 16th St,19121,,,,,,2013,4,8000,1096800,1800 16TH ST LLC,881146900,rentcast_candidate,rentcast,3,0,0,3,0,1300,1300,opa_backfill,2010-2019,,-75.160995,39.980942
1300 S 24th St,19146,,,,,,2019,3,8640,2773200,24TH & WHARTON LLC,881033004,rentcast_candidate,rentcast,2,0,0,2,0,1845,1845,opa_backfill,2010-2019,,-75.184158,39.936127
1122 E Passyunk Ave,19147,,2157357368,gerardo@ocfrealty.com,https://www.ocfrealty.com,,1915,3,5434,831000,Ocf Realty Llc,881573360,rentcast_candidate,rentcast,2,0,0,2,0,1750,1750,opa_backfill,Pre-1950,rentcast_api,-75.157318,39.935165
3213 W Susquehanna Ave,19121,,,,,,,,,,,,rentcast_candidate,rentcast,2,0,0,2,0,1246,1246,unknown,,,-75.185471,39.990238
1901 E Willard St,19134,,,,,,1930,2,9900,1504400,WILLARD STREET PROPERTIES,881001199,rentcast_candidate,rentcast,2,0,0,2,0,1500,1500,opa_backfill,Pre-1950,,-75.110168,39.996059
1844 W Master St,19121,,,,,,,,,,,,rentcast_candidate,rentcast,3,0,0,3,0,1300,1300,unknown,,,-75.16658,39.975288
800 Princeton Ave,19111,,2153555565,jhill@fivestreet.me,http://www.homestarrinc.com,,1960,,,,Homestarr Realty,,rentcast_candidate,rentcast,2,0,0,2,0,1450,1550,rentcast_estimate,1950-1979,rentcast_api,-75.081917,40.054962
1826 N Bouvier St,19121,,,,,,,,,,,,rentcast_candidate,rentcast,3,0,0,3,0,1100,1200,unknown,,,-75.163162,39.981873
2031 E Lehigh Ave,19125,,,,,,,,,,,,rentcast_candidate,rentcast,2,0,0,2,0,1111,1750,unknown,,,-75.121841,39.987
4935 Walnut St,19139,,,,,,1925,,,,,,rentcast_candidate,rentcast,2,0,0,2,0,1300,1300,rentcast_estimate,Pre-1950,,-75.220806,39.956643
928 N 42nd St,19104,,,,,,,,,,,,rentcast_candidate,rentcast,2,0,0,2,0,970,970,unknown,,,-75.208656,39.970821
6602 Ridge Ave,19128,,2157090909,info@victoryrealestatellc.com,https://www.victoryrealestatellc.com,,2022,5,43550,9263900,"Victory Real Estate, LLC",881000747,rentcast_candidate,rentcast,2,0,0,2,0,1700,1700,opa_backfill,2020+,rentcast_api,-75.223854,40.038933
4936 W Thompson St,19131,,,,,,2023,,,,,,rentcast_candidate,rentcast,2,0,0,2,0,1350,1350,rentcast_estimate,2020+,,-75.220837,39.973351
9926 Haldeman Ave,19115,,,,,,1972,,,,,,rentcast_candidate,rentcast,2,0,0,2,0,1650,1800,rentcast_estimate,1950-1979,,-75.027206,40.096397
1950 Clarence St,19134,,6108223356,victoria.vasile@compass.com,https://www.compass.com,,1920,,,,COMPASS,,rentcast_candidate,rentcast,2,0,0,2,0,795,795,rentcast_estimate,Pre-1950,derived_from_email,-75.103973,39.998188
1139 W Wingohocking St,19140,,,,,,,,,,,,rentcast_candidate,rentcast,2,0,0,2,0,1449,1449,unknown,,,-75.144615,40.021198
3554 Sepviva St,19134,,,,,,,,,,,,rentcast_candidate,rentcast,2,0,0,2,0,1495,1595,unknown,,,-75.099533,39.994541
3748 Lancaster Ave,19104,,,,,,2025,4,31500,7897600,PEOPLE'S EMERGENCY CENTER,881000944,rentcast_candidate,rentcast,4,0,0,4,0,2600,2800,opa_backfill,2020+,,-75.196671,39.959915
6535 Rising Sun Ave,19111,,,,,,1955,2,5688,810800,GILHAM APARTMENTS LLC,881131200,rentcast_candidate,rentcast,2,0,0,2,0,1350,1400,opa_backfill,1950-1979,,-75.09317,40.051758
1309 Cambridge St,19123,,,,,,2021,6,51882,8777900,CAMBRIDGE 9 OZB LLC,881001039,rentcast_candidate,rentcast,2,0,0,2,0,2061,2195,opa_backfill,2020+,,-75.158073,39.970711
2523 S Felton St,19142,,,,,,1920,,,,,,rentcast_candidate,rentcast,2,0,0,2,0,1500,1550,rentcast_estimate,Pre-1950,,-75.226189,39.924244
3010 N Marvine St,19133,,,,,,,,,,,,rentcast_candidate,rentcast,2,0,0,2,0,1480,1480,unknown,,,-75.14888,39.998222
667 N 52nd St,19131,,,,,,2023,,,,,,rentcast_candidate,rentcast,2,0,0,2,0,1400,1400,rentcast_estimate,2020+,,-75.225464,39.971035
240-42 W Glenwood Ave,19140,,2152266200,amberrayrealtor@gmail.com,https://www.genesisrealtyphilly.com,,1915,,,,Genesis Real Estate Services,,rentcast_candidate,rentcast,2,0,0,2,0,1000,1300,rentcast_estimate,Pre-1950,rentcast_api,-75.133575,40.004261
217 N 11th St,19107,,,,,,1890,5,7040,1557900,BALA REAL ESTATE LLC,881041735,rentcast_candidate,rentcast,2,0,0,2,0,1750,1950,opa_backfill,Pre-1950,,-75.157104,39.956097
1006 N 43rd St,19104,,6103920266,boris.kindij@gmail.com,http://teslarealtygroup.com,,1925,,,,"Tesla Realty Group, LLC",,rentcast_candidate,rentcast,2,0,0,2,0,1400,1400,rentcast_estimate,Pre-1950,rentcast_api,-75.210693,39.971607
1682 N 54th St,19131,,6105200100,klrw439@kw.com,https://brynmawr.yourkwoffice.com,,2022,3,10280,1494700,Keller Williams Main Line Realty,881000951,rentcast_candidate,rentcast,2,0,0,2,0,1750,1800,opa_backfill,2020+,rentcast_api,-75.230354,39.978214
314 S 46th St,19143,,2156273500,vicki@kwempower.com,http://tcsgroup.com,,1900,,9490,4442000,KW Empower,774383000,rentcast_candidate,rentcast,2,0,0,2,0,2125,2125,opa_backfill,Pre-1950,rentcast_api,-75.214592,39.952641
2537 E Auburn St,19134,,2154429388,ed@edmcdonaldrealestate.com,https://www.edmcdonaldrealestate.com,,1927,,,,"Hartsville Realty Property Management, Inc.",,rentcast_candidate,rentcast,2,0,0,2,0,1225,1300,rentcast_estimate,Pre-1950,derived_from_email,-75.112259,39.982269
1723 W Master St,19121,,,,,,1915,3,6006,598500,GRATZ STEET CONDO LLC,881146276,rentcast_candidate,rentcast,2,0,0,2,0,1299,1300,opa_backfill,Pre-1950,,-75.164711,39.975464
1500 N American St,19122,,2674358015,info@compass.com,http://www.cityblockteam.com,,2018,,,,COMPASS,,rentcast_candidate,rentcast,2,0,0,2,0,2100,2850,rentcast_estimate,2010-2019,rentcast_api,-75.140198,39.974003
2400 Germantown Ave,19133,,2156276005,clientservices@foxroach.com,https://societyhill.foxroach.com,,2023,,,,BHHS Fox & Roach Center City-Society Hill,,rentcast_candidate,rentcast,2,0,0,2,0,1650,1650,rentcast_estimate,2020+,rentcast_api,-75.146667,39.988312
5304 Jackson St,19124,,8663277673,kirk@prosperityindustries.net,https://www.prosperityindustries.net,,1945,,,,Prosperity Real Estate & Investment Services,,rentcast_candidate,rentcast,2,0,0,2,0,1325,1325,rentcast_estimate,Pre-1950,derived_from_email,-75.068672,40.016747
2040 2042 East Haines St,19138,,,,,,,,,,,,rentcast_candidate,rentcast,2,0,0,2,0,1500,1500,unknown,,,-75.153877,40.057919
869 N 43rd St,19104,,,,,,,,,,,,rentcast_candidate,rentcast,2,0,0,2,0,1900,1950,unknown,,,-75.209789,39.969484
2409 N Hancock St,19133,,2156273500,vicki@kwempower.com,https://www.kwempower.com,,2022,3,7764,977900,KW Empower,881001391,rentcast_candidate,rentcast,2,0,0,2,0,1800,1900,opa_backfill,2020+,derived_from_email,-75.13456,39.986923
3127 Richmond St,19134,,6106478300,alexcoates3@gmail.com,https://kwdevonwayne.kw.com/,,1925,3,3360,504100,Keller Williams Realty Devon-Wayne,881164220,rentcast_candidate,rentcast,2,0,0,2,0,1800,1995,opa_backfill,Pre-1950,rentcast_api,-75.103065,39.981956
5135 Irving St,19139,,2155456111,mcornelius@pre215.com,http://philadelphiarealtyexchange.com,,1920,,,,Philadelphia Realty Exchange,,rentcast_candidate,rentcast,2,0,0,2,0,1200,1200,rentcast_estimate,Pre-1950,rentcast_api,-75.225166,39.955276
5122 Greene St,19144,,2158491111,trentpettus@aol.com,,,1916,,,,Integrity Real Estate Services,,rentcast_candidate,rentcast,2,0,0,2,0,1295,1295,rentcast_estimate,Pre-1950,,-75.16796,40.028752
2040-42 Haines St,19138,,,,,,,,,,,,rentcast_candidate,rentcast,2,0,0,2,0,1450,1500,unknown,,,-75.153877,40.057919
2607 Cecil B Moore Ave Unit C,19121,,8663277673,kirk@prosperityindustries.net,https://www.prosperityindustries.net,,1915,3,4734,481200,Prosperity Real Estate & Investment Services,881054723,rentcast_candidate,rentcast,2,0,0,2,0,1550,1550,opa_backfill,Pre-1950,derived_from_email,-75.177536,39.981426
1924 N 6th St,19122,,2158660050,info@elfantwissahickon.com,http://elfantwissahickon.com,,1925,4,,2591300,Elfant Wissahickon Realtors-Fishtown,881000613,rentcast_candidate,rentcast,2,0,0,2,0,1550,1950,opa_backfill,Pre-1950,rentcast_api,-75.144814,39.980721
2304 N 9th St,19133,,2156432500,bobk@lnf.com,https://www.lnf.com,,2023,,14700,1436900,Howard Hanna Real Estate Services - C,881000826,rentcast_candidate,rentcast,3,0,0,3,0,1600,1600,opa_backfill,2020+,derived_from_email,-75.147636,39.98708
2513 Frankford Ave,19125,,2156273500,vicki@kwempower.com,http://www.thesomersteam.com/index.php,,2022,3,5451,1140200,KW Empower,881000310,rentcast_candidate,rentcast,2,0,0,2,0,1850,1950,opa_backfill,2020+,rentcast_api,-75.125374,39.983425
1502 S 52nd St,19143,,2157695764,mjf@lpmgcompanies.com,https://www.lpmgcompanies.com,,1925,,,,LPMG Management Co.,,rentcast_candidate,rentcast,2,0,0,2,0,1625,1625,rentcast_estimate,Pre-1950,derived_from_email,-75.217529,39.939102
1501 N 31st St,19121,,2159237600,daryl.turner@cbpref.com,https://www.coldwellbankerhomes.com//pa/philadelphia/office/old-city/oid_5052/,,2019,,,,Coldwell Banker Realty,,rentcast_candidate,rentcast,2,0,0,2,0,2200,2650,rentcast_estimate,2010-2019,rentcast_api,-75.185234,39.97961
3331 N Howard St,19140,,8663277673,kirk@prosperityindustries.net,https://www.prosperityindustries.net,,1935,,,,Prosperity Real Estate & Investment Services,,rentcast_candidate,rentcast,3,0,0,3,0,1400,1400,rentcast_estimate,Pre-1950,derived_from_email,-75.129647,40.000936
4718-00 Hazel Ave,19143,,2154651400,202062.lead@cendant.leadrouter.com,http://www.c21ag.com/,,1910,3,2880,521900,Century 21 Advantage Gold,881702200,rentcast_candidate,rentcast,3,0,0,3,0,1700,1700,opa_backfill,Pre-1950,rentcast_api,-75.21769,39.949909
250 E Girard Ave,19125,,2156641091,dspecht@kwcommercial.com,https://null,,1915,4,10505,1809300,Kw Commercial,881806407,rentcast_candidate,rentcast,2,0,0,2,0,1750,1825,opa_backfill,Pre-1950,rentcast_api,-75.132095,39.96936
763 S 13th St,19147,,6104890198,hwangrealty@yahoo.com,http://www.appreciationre.com,,2000,,,,Appreciation Realty,,rentcast_candidate,rentcast,2,0,0,2,0,1850,1850,rentcast_estimate,2000-2009,rentcast_api,-75.163774,39.940621
5411 W Berks St,19131,,,,,,1920,,,,,,rentcast_candidate,rentcast,2,0,0,2,0,1500,1500,rentcast_estimate,Pre-1950,,-75.23245,39.986035
1621 N 33rd St,19121,,,,,,1915,3,6169,445900,1623 NORTH 33 LLC,881001341,rentcast_candidate,rentcast,3,0,0,3,0,1550,1700,opa_backfill,Pre-1950,,-75.188263,39.981785
4926 Locust St,19139,,2157357368,gerardo@ocfrealty.com,https://www.ocfrealty.com,,2021,,,,Ocf Realty Llc,,rentcast_candidate,rentcast,2,0,0,2,0,1672,1672,rentcast_estimate,2020+,rentcast_api,-75.220741,39.954975
1945 N 7th St,19122,,6105200100,klrw439@kw.com,https://brynmawr.yourkwoffice.com,,2023,5,7458,916100,Keller Williams Main Line Realty,881001045,rentcast_candidate,rentcast,2,0,0,2,0,1800,1800,opa_backfill,2020+,rentcast_api,-75.145851,39.981441
5819 Theodore St,19143,,2155457007,cristym@phillyliving.com,https://www.phillyliving.com,,1920,,,,"Philly LMG, LLC",,rentcast_candidate,rentcast,3,0,0,3,0,1300,1300,rentcast_estimate,Pre-1950,derived_from_email,-75.220375,39.927971
2709 Cecil B Moore Ave,19121,,6105200100,klrw439@kw.com,https://brynmawr.yourkwoffice.com,,2022,4,19800,2136700,Keller Williams Main Line Realty,881000993,rentcast_candidate,rentcast,2,0,0,2,0,1799,1850,opa_backfill,2020+,rentcast_api,-75.17926,39.981682
1416 S Broad St,19146,,2156273500,vicki@kwempower.com,https://www.kwempower.com,,1915,,,,KW Empower,,rentcast_candidate,rentcast,2,0,0,2,0,2095,2100,rentcast_estimate,Pre-1950,derived_from_email,-75.168327,39.932522
2131 W Master St,19121,,2672447215,philly-info@baymgmtgroup.com,https://www.baymgmtgroup/philadelphia,,2001,2,13000,98400,Bay Management Group Philadelp,886902500,rentcast_candidate,rentcast,2,0,0,2,0,1250,1250,opa_backfill,2000-2009,rentcast_api,-75.171371,39.97628
3037 Richmond St,19134,,2159237600,daryl.turner@cbpref.com,https://www.coldwellbankerhomes.com//pa/philadelphia/office/old-city/oid_5052/,,2022,4,30232,5657700,Coldwell Banker Realty,881000294,rentcast_candidate,rentcast,3,0,0,3,0,1699,1799,opa_backfill,2020+,rentcast_api,-75.104431,39.981094
6012 Ridge Ave,19128,,2158660050,info@elfantwissahickon.com,http://elfantwissahickon.com,,1875,2,3600,616800,Elfant Wissahickon Realtors-Fishtown,881001215,rentcast_candidate,rentcast,4,0,0,4,0,2031,2400,opa_backfill,Pre-1950,rentcast_api,-75.213783,40.031677
3600 Conshohocken Ave,19131,,2156276005,clientservices@foxroach.com,https://societyhill.foxroach.com,,1970,,,,BHHS Fox & Roach Center City-Society Hill,,rentcast_candidate,rentcast,2,0,0,2,0,1875,2200,rentcast_estimate,1950-1979,rentcast_api,-75.201995,40.003784
2001 N 33rd St,19121,,2677738600,info@lylrealty.com,https://www.lylrealty.com,,2020,4,8467,907100,Lyl Realty Group,881000970,rentcast_candidate,rentcast,2,0,0,2,0,1295,1695,opa_backfill,2020+,rentcast_api,-75.18705,39.98719
6603 Ogontz Ave,19126,,2152471000,winderrealestate@winderinc.com,https://www.winderinc.com,,1920,,,,"Winder Real Estate, Inc",,rentcast_candidate,rentcast,2,0,0,2,0,1395,1595,rentcast_estimate,Pre-1950,derived_from_email,-75.149348,40.05483
186 W Queen Ln,19144,,2158441200,andon@elfantpontz.com,https://www.elfantpontz.com/,,1870,,,,Elfant Pontz Properties,,rentcast_candidate,rentcast,2,0,0,2,0,1950,1950,rentcast_estimate,Pre-1950,rentcast_api,-75.172028,40.028061
6486 Matthews St,19119,,2153831439,info@tcsmgt.com,https://www.tcsmgt.com,,1925,,,,"TCS Management, LLC",,rentcast_candidate,rentcast,2,0,0,2,0,1375,1375,rentcast_estimate,Pre-1950,rentcast_api,-75.174741,40.057007
2127 Tasker St,19145,,8663277673,kirk@prosperityindustries.net,https://www.prosperityindustries.net,,1923,,,,Prosperity Real Estate & Investment Services,,rentcast_candidate,rentcast,2,0,0,2,0,1300,1300,rentcast_estimate,Pre-1950,derived_from_email,-75.180607,39.932226
4644 G St,19120,,2674624222,lhowell@rogrestore.com,https://www.rogrestore.com/,,1930,,,,Realty One Group Restore-BlueBell,,rentcast_candidate,rentcast,2,0,0,2,0,1200,2000,rentcast_estimate,Pre-1950,rentcast_api,-75.110901,40.019249
1148 N 2nd St,19123,,2156273500,vicki@kwempower.com,http://tcsgroup.com,,1942,,,,KW Empower,,rentcast_candidate,rentcast,2,0,0,2,0,2500,2650,rentcast_estimate,Pre-1950,rentcast_api,-75.139873,39.969369
7925 Cedarbrook Ave,19150,,6102409885,joy.zwicker@rowcal.com,http://www.delvalproperty.com,,1950,,,,Del Val Realty & Property Management,,rentcast_candidate,rentcast,2,0,0,2,0,1400,1400,rentcast_estimate,1950-1979,rentcast_api,-75.162521,40.07576
2410 Wharton St,19146,,6105200100,klrw439@kw.com,https://brynmawr.yourkwoffice.com,,2019,3,8640,2773200,Keller Williams Main Line Realty,881033004,rentcast_candidate,rentcast,3,0,0,3,0,1500,2200,opa_backfill,2010-2019,rentcast_api,-75.184463,39.936179
3748-9 Lancaster Ave,19104,,2674632428,team@rentscene.com,https://null,,2025,4,31500,7897600,"BMB Living, Inc.",881000944,rentcast_candidate,rentcast,2,0,0,2,0,2750,2800,opa_backfill,2020+,rentcast_api,-75.196671,39.959915
2626-28 Ridge Ave,19121,,2153831439,info@tcsmgt.com,https://www.tcsmgt.com,,1915,3,5347,741600,"TCS Management, LLC",881000692,rentcast_candidate,rentcast,2,0,0,2,0,1250,1500,opa_backfill,Pre-1950,rentcast_api,-75.177505,39.984089
4136 Mantua Ave,19104,,2155457007,cristym@phillyliving.com,https://www.phillyliving.com,,1915,,,,"Philly LMG, LLC",,rentcast_candidate,rentcast,2,0,0,2,0,1195,1195,rentcast_estimate,Pre-1950,derived_from_email,-75.208008,39.971275
4820 Chester Ave,19143,,2152788848,office@cmgroup2.com,https://www.cmgroup2.com,,2026,3,9680,2102700,City Suburban Estates Llc,881000763,rentcast_candidate,rentcast,2,0,0,2,0,1650,1750,opa_backfill,2020+,derived_from_email,-75.216098,39.944021
4202 Fairmount Ave,19104,,,,,,,,,,,,rentcast_candidate,rentcast,2,0,0,2,0,1750,1750,unknown,,,-75.207588,39.964603
4304 Cresson St,19127,,6108223356,alexandria.stewart@cbpref.com,https://www.coldwellbankerhomes.com/pa/philadelphia/agent/alexandria-alex-stewart/aid_183566/,,2016,,,,COMPASS,,rentcast_candidate,rentcast,4,0,0,4,0,2300,2450,rentcast_estimate,2010-2019,rentcast_api,-75.221931,40.025475
630 Moore St,19148,,,,,,2022,4,36000,9744800,BOOTSTRAP BOWTIE 1031 EASY LLC,881446002,rentcast_candidate,rentcast,2,0,0,2,0,2100,2100,opa_backfill,2020+,,-75.15686,39.926388
5439 Hunter St,19131,,8663277673,kirk@prosperityindustries.net,https://www.prosperityindustries.net,,1920,,,,Prosperity Real Estate & Investment Services,,rentcast_candidate,rentcast,2,0,0,2,0,1100,1100,rentcast_estimate,Pre-1950,derived_from_email,-75.23128,39.977982
2631 Cecil B Moore Ave,19121,,2154223711,info@plusrealtors.com,http://www.plusrealtors.com,,2025,,,,Plus Realtors,,rentcast_candidate,rentcast,2,0,0,2,0,1599,1599,rentcast_estimate,2020+,rentcast_api,-75.178473,39.981542
3510 N Mascher St,19140,,8663277673,kirk@prosperityindustries.net,https://www.prosperityindustries.net,,1945,,,,Prosperity Real Estate & Investment Services,,rentcast_candidate,rentcast,2,0,0,2,0,1300,1400,rentcast_estimate,Pre-1950,derived_from_email,-75.130402,40.003696
2633 Catharine St,19146,,2157357368,gerardo@ocfrealty.com,https://www.ocfrealty.com,,2011,,,,Ocf Realty Llc,,rentcast_candidate,rentcast,2,0,0,2,0,2060,2060,rentcast_estimate,2010-2019,rentcast_api,-75.18658,39.943464
6419 Race St,19139,,2674358015,info@compass.com,https://www.compass.com/agents/carla-brandoff/,,1925,,,,COMPASS,,rentcast_candidate,rentcast,2,0,0,2,0,1395,1595,rentcast_estimate,Pre-1950,rentcast_api,-75.248886,39.966293
1616 N Bailey St,19121,,2157357368,gerardo@ocfrealty.com,https://www.ocfrealty.com,,2023,4,10000,1519000,Ocf Realty Llc,881001084,rentcast_candidate,rentcast,2,0,0,2,0,1585,1585,opa_backfill,2020+,rentcast_api,-75.17849,39.980534
702 E Chelten Ave,19144,,2156273500,vicki@kwempower.com,https://www.kwempower.com,,1925,3,3244,296800,KW Empower,881097316,rentcast_candidate,rentcast,3,0,0,3,0,1550,1700,opa_backfill,Pre-1950,derived_from_email,-75.16571,40.044239
220 S 16th St,19102,,2674632428,team@rentscene.com,https://null,,1915,,,,"BMB Living, Inc.",,rentcast_candidate,rentcast,2,0,0,2,0,2720,2720,rentcast_estimate,Pre-1950,rentcast_api,-75.167859,39.949119
2619 Christian St,19146,,,,,,2021,3,6468,2557100,2623 CHRISTIAN ST LLC,881578450,rentcast_candidate,rentcast,2,0,0,2,0,1995,1995,opa_backfill,2020+,,-75.186664,39.942745
3711 Lancaster Ave,19104,,2157090909,info@victoryrealestatellc.com,https://www.victoryrealestatellc.com,,1890,3,3144,503700,"Victory Real Estate, LLC",881817900,rentcast_candidate,rentcast,2,0,0,2,0,1550,1600,opa_backfill,Pre-1950,rentcast_api,-75.195759,39.95988
2023 W Oxford St,19121,,2156273500,vicki@kwempower.com,https://www.mccannteam.com/agents/mike-mccann/,,1915,,,,KW Empower,,rentcast_candidate,rentcast,2,0,0,2,0,1150,1150,rentcast_estimate,Pre-1950,rentcast_api,-75.16844,39.97876
525 N 41st St,19104,,2154674100,info@jg-realestate.com,https://www.jg-realestate.com,,2021,3,24297,4567700,JG Real Estate,881000397,rentcast_candidate,rentcast,2,0,0,2,0,2100,2100,opa_backfill,2020+,rentcast_api,-75.205215,39.962139
3259 N 13th St,19140,,2672520223,joeloonstyn@gmail.com,,,,,,,Loonstyn Brothers Realty LLC,,rentcast_candidate,rentcast,2,0,0,2,0,1650,1650,unknown,,,-75.150146,40.002705
2423 E Allegheny Ave,19134,,8563211212,georgedenney@kw.com,http://www.kwcherryhill.com,,1915,,,,Keller Williams Realty - Cherry Hill,,rentcast_candidate,rentcast,2,0,0,2,0,1250,1350,rentcast_estimate,Pre-1950,rentcast_api,-75.10511,39.98761
5334-36 Cedar Ave,19143,,2155457007,cristym@phillyliving.com,https://www.phillyliving.com,,2019,,,,"Philly LMG, LLC",,rentcast_candidate,rentcast,2,0,0,2,0,1500,1500,rentcast_estimate,2010-2019,derived_from_email,-75.229935,39.950603
409 Kerper St,19111,,,,,,,,,,,,rentcast_candidate,rentcast,3,0,0,3,0,1395,1395,unknown,,,-75.092621,40.05468
6117 Glenmore Ave,19142,,,,,,,,,,,,rentcast_candidate,rentcast,2,0,0,2,0,1150,1400,unknown,,,-75.227074,39.927406
1257 N 23rd St,19121,,2679291500,info@trustartrealty.com,https://www.trustartrealty.com,,1920,,,,TrustArt Realty,,rentcast_candidate,rentcast,2,0,0,2,0,1100,1150,rentcast_estimate,Pre-1950,derived_from_email,-75.173547,39.974832
1600 Germantown Ave,19122,,2154223711,info@plusrealtors.com,http://www.plusrealtors.com,,2022,,,,Plus Realtors,,rentcast_candidate,rentcast,3,0,0,3,0,1795,1895,rentcast_estimate,2020+,rentcast_api,-75.142471,39.975361
13-15 E Upsal St,19119,,2158441200,andon@elfantpontz.com,https://www.elfantpontz.com/,,1940,2,7600,802700,Elfant Pontz Properties,881099030,rentcast_candidate,rentcast,2,0,0,2,0,1295,1295,opa_backfill,Pre-1950,rentcast_api,-75.163922,40.069207
17 S 44th St,19104,,2157357368,gerardo@ocfrealty.com,https://www.ocfrealty.com,,2019,4,5035,1519800,Ocf Realty Llc,881850676,rentcast_candidate,rentcast,2,0,0,2,0,1696,1696,opa_backfill,2010-2019,rentcast_api,-75.209354,39.9572
1836 S 10th St,19148,,2157357368,gerardo@ocfrealty.com,https://www.ocfrealty.com,,1900,,,,Ocf Realty Llc,,rentcast_candidate,rentcast,2,0,0,2,0,1595,1595,rentcast_estimate,Pre-1950,rentcast_api,-75.162506,39.926141
1219-1223 Constitution Ave,19112,,2674358015,info@compass.com,https://www.compass.com,,,,,,COMPASS,,rentcast_candidate,rentcast,3,0,0,3,0,2825,3140,unknown,,derived_from_email,-75.17265,39.89174
1326-42 Spruce St,19107,,2155451500,domb@allandomb.com,https://www.allandomb.com,,1972,,,,Allan Domb Real Estate,,rentcast_candidate,rentcast,2,0,0,2,0,3150,3195,rentcast_estimate,1950-1979,rentcast_api,-75.16404,39.946678
914 W Susquehanna Ave,19122,,8663277673,kirk@prosperityindustries.net,https://www.prosperityindustries.net,,2024,4,12720,1482000,Prosperity Real Estate & Investment Services,881000909,rentcast_candidate,rentcast,2,0,0,2,0,1600,1650,opa_backfill,2020+,derived_from_email,-75.148453,39.985111
3500 Ainslie St,19129,,6106478300,alexcoates3@gmail.com,https://kwdevonwayne.kw.com/,,1938,,,,Keller Williams Realty Devon-Wayne,,rentcast_candidate,rentcast,2,0,0,2,0,1595,1595,rentcast_estimate,Pre-1950,rentcast_api,-75.189824,40.012268
522 S 5th St,19147,,2157576100,debidcb@aol.com,https://kwlanghorne.net,,1900,,,,Keller Williams Real Estate,,rentcast_candidate,rentcast,2,0,0,2,0,1800,1800,rentcast_estimate,Pre-1950,rentcast_api,-75.150856,39.942272
5423 Baltimore Ave,19143,,2155457007,cristym@phillyliving.com,https://www.phillyliving.com,,2026,,,,"Philly LMG, LLC",,rentcast_candidate,rentcast,2,0,0,2,0,1700,1700,rentcast_estimate,2020+,derived_from_email,-75.232651,39.947838
7504 Greenhill Rd,19151,,6106160012,dawn.harris@keysanddeeds.com,https://www.keysanddeeds.com,,1949,,,,Keys & Deeds Realty,,rentcast_candidate,rentcast,2,0,0,2,0,1400,1450,rentcast_estimate,Pre-1950,derived_from_email,-75.267746,39.978127
2827 W Girard Ave,19130,,2157357368,gerardo@ocfrealty.com,https://www.ocfrealty.com,,1915,4,9560,1166100,Ocf Realty Llc,881070297,rentcast_candidate,rentcast,2,0,0,2,0,1745,1745,opa_backfill,Pre-1950,rentcast_api,-75.182764,39.974738
8239 Williams Ave,19150,,2158441200,andon@elfantpontz.com,https://www.elfantpontz.com/,,1950,,,,Elfant Pontz Properties,,rentcast_candidate,rentcast,2,0,0,2,0,1350,1350,rentcast_estimate,1950-1979,rentcast_api,-75.172869,40.076043
1257-59 N Newkirk St,19121,,2154223980,info@pennhunter.com,https://www.pennhunter.com,,2018,4,8792,1056700,PennHunter,881070225,rentcast_candidate,rentcast,2,0,0,2,0,1595,1595,opa_backfill,2010-2019,rentcast_api,-75.182013,39.975933
1431 Brown St,19130,,2154674100,info@jg-realestate.com,https://www.jg-realestate.com,,2018,,,,JG Real Estate,,rentcast_candidate,rentcast,2,0,0,2,0,1850,1950,rentcast_estimate,2010-2019,rentcast_api,-75.161507,39.968212
2104 S 65th St,19142,,2156236000,elemons23@gmail.com,,,1920,,,,EXIT Elevate Realty,,rentcast_candidate,rentcast,2,0,0,2,0,1100,1150,rentcast_estimate,Pre-1950,,-75.23557,39.926368
3460 J St,19134,,6105200100,klrw439@kw.com,https://brynmawr.yourkwoffice.com,,2021,5,29370,4201400,Keller Williams Main Line Realty,881142954,rentcast_candidate,rentcast,2,0,0,2,0,2200,2200,opa_backfill,2020+,rentcast_api,-75.109009,40.00008
1527 W Westmoreland St,19140,,,,,,,,,,,,rentcast_candidate,rentcast,2,0,0,2,0,1600,1600,unknown,,,-75.155159,40.003696
6715 N Carlisle St,19126,,2155457007,cristym@phillyliving.com,https://www.phillyliving.com,,1956,,,,"Philly LMG, LLC",,rentcast_candidate,rentcast,2,0,0,2,0,1425,1425,rentcast_estimate,1950-1979,derived_from_email,-75.141777,40.055729
1527-29 Ridge Ave,19130,,2153833303,jim.becker@evrealestate.com,https://www.evrealestate.com,,2020,5,14835,2946400,Engel & Volkers,881443900,rentcast_candidate,rentcast,2,0,0,2,0,1895,1950,opa_backfill,2020+,derived_from_email,-75.162399,39.968681
4929 N 6th St,19120,,2152266200,amberrayrealtor@gmail.com,https://www.genesisrealtyphilly.com,,1940,,,,Genesis Real Estate Services,,rentcast_candidate,rentcast,2,0,0,2,0,1500,1650,rentcast_estimate,Pre-1950,rentcast_api,-75.134445,40.026703
426B N 40th St,19104,,,,,,2022,3,29904,2254300,FCCC GROWTH LLC,881823200,rentcast_candidate,rentcast,2,0,0,2,0,1775,1775,opa_backfill,2020+,,-75.20222,39.961374
2303 Delancey Pl,19103,,6106478300,alexcoates3@gmail.com,https://kwdevonwayne.kw.com/,,1860,,,,Keller Williams Realty Devon-Wayne,,rentcast_candidate,rentcast,2,0,0,2,0,2995,2995,rentcast_estimate,Pre-1950,rentcast_api,-75.179306,39.948292
6906 Woodland Ave,19142,,2156273500,vicki@kwempower.com,https://www.kwempower.com,,1920,,,,KW Empower,,rentcast_candidate,rentcast,2,0,0,2,0,1200,1250,rentcast_estimate,Pre-1950,derived_from_email,-75.240181,39.92123
833 Wharton St,19147,,2156273500,vicki@kwempower.com,http://tcsgroup.com,,2021,4,22680,5134000,KW Empower,881000601,rentcast_candidate,rentcast,2,0,0,2,0,1846,1846,opa_backfill,2020+,rentcast_api,-75.158852,39.933262
713 N 16th St,19130,,6105200100,klrw439@kw.com,https://brynmawr.yourkwoffice.com,,1920,,,,Keller Williams Main Line Realty,,rentcast_candidate,rentcast,3,0,0,3,0,2400,2400,rentcast_estimate,Pre-1950,rentcast_api,-75.163399,39.967594
2162 E Norris St,19125,,2154002600,remaxsteveo@gmail.com,https://accessphilly.com,,1875,4,15251,2282400,Remax Access,881068744,rentcast_candidate,rentcast,2,0,0,2,0,1795,1800,opa_backfill,Pre-1950,rentcast_api,-75.131485,39.97888
2012 W Girard Ave,19130,,2157357368,gerardo@ocfrealty.com,https://www.ocfrealty.com,,2012,,,,Ocf Realty Llc,,rentcast_candidate,rentcast,2,0,0,2,0,1475,1475,rentcast_estimate,2010-2019,rentcast_api,-75.169945,39.972488
1602 S Broad St,19145,,2156276005,clientservices@foxroach.com,https://societyhill.foxroach.com,,1915,3,3492,708200,BHHS Fox & Roach Center City-Society Hill,881111430,rentcast_candidate,rentcast,2,0,0,2,0,1975,2250,opa_backfill,Pre-1950,rentcast_api,-75.168755,39.930389
1227-29 N 7th St,19122,,2677972175,info@jbmpgroup.com,https://www.jbmpgroup.com,,2019,3,25057,2651000,Jbmp Group,881146025,rentcast_candidate,rentcast,2,0,0,2,0,1604,1695,opa_backfill,2010-2019,rentcast_api,-75.147736,39.971313
1124 E Passyunk Ave,19147,,2157357368,gerardo@ocfrealty.com,https://www.ocfrealty.com,,1915,3,5434,831000,Ocf Realty Llc,881573360,rentcast_candidate,rentcast,2,0,0,2,0,1295,1395,opa_backfill,Pre-1950,rentcast_api,-75.157404,39.935127
5012 Old York Rd,19141,,8663277673,kirk@prosperityindustries.net,https://www.prosperityindustries.net,,1925,,,,Prosperity Real Estate & Investment Services,,rentcast_candidate,rentcast,3,0,0,3,0,1650,1650,rentcast_estimate,Pre-1950,derived_from_email,-75.146286,40.029457
1910 S 65th St,19142,,,,,,,,,,,,rentcast_candidate,rentcast,2,0,0,2,0,1050,1050,unknown,,,-75.238154,39.928475
2013 Green St,19130,,2152598121,info@heyphilly.rent,https://www.heyphilly.rent,,1920,,,,Hey Realty LLC,,rentcast_candidate,rentcast,2,0,0,2,0,2750,2900,rentcast_estimate,Pre-1950,derived_from_email,-75.171165,39.965282
1307 Morris St,19148,,2153764444,bill@billmulhern.com,https://www.billmulhern.com,,1994,,,,Realty Mark Huntingdon Valley,,rentcast_candidate,rentcast,2,0,0,2,0,3000,3000,rentcast_estimate,1980-1999,derived_from_email,-75.166977,39.929214
1219 W Butler St,19140,,6105200100,klrw439@kw.com,https://brynmawr.yourkwoffice.com,,2026,,,,Keller Williams Main Line Realty,,rentcast_candidate,rentcast,2,0,0,2,0,1200,1300,rentcast_estimate,2020+,rentcast_api,-75.147903,40.010658
3980 Carteret Dr,19114,,2159381777,wynnrealestate@hotmail.com,https://www.wynnrealestate.net,,1978,,,,Wynn Real Estate,,rentcast_candidate,rentcast,2,0,0,2,0,1800,2100,rentcast_estimate,1950-1979,rentcast_api,-74.988091,40.063221
2620 Poplar St,19130,,2155457007,cristym@phillyliving.com,https://www.phillyliving.com,,2004,,,,"Philly LMG, LLC",,rentcast_candidate,rentcast,2,0,0,2,0,2200,2200,rentcast_estimate,2000-2009,derived_from_email,-75.179843,39.972607
1015 N 45th St,19104,,2157325899,info@parealtyworks.com,http://parealtyworks.com/,,,,,,"PA RealtyWorks, LLC",,rentcast_candidate,rentcast,3,0,0,3,0,1900,2000,unknown,,rentcast_api,-75.212578,39.971825
436 N 32nd St,19104,,2153871002,chris@newagerealtygroup.com,https://www.newagerealtygroup.com,,1980,,,,New Age Realty Group,,rentcast_candidate,rentcast,2,0,0,2,0,1400,1600,rentcast_estimate,1980-1999,rentcast_api,-75.188736,39.962963
1343 Fitzwater St,19147,,2153831439,info@tcsmgt.com,https://www.tcsmgt.com,,2023,4,6600,1262500,"TCS Management, LLC",881000785,rentcast_candidate,rentcast,2,0,0,2,0,3100,3100,opa_backfill,2020+,rentcast_api,-75.165039,39.941872
1420 W Girard Ave,19130,,,,,,1920,3,9840,1433400,1430-1432 WEST GIRARD OWNER LP,881000556,rentcast_candidate,rentcast,2,0,0,2,0,2700,2700,opa_backfill,Pre-1950,,-75.160605,39.971344
2322 N 5th St,19133,,6105200100,klrw439@kw.com,https://brynmawr.yourkwoffice.com,,,,,,Keller Williams Main Line Realty,,rentcast_candidate,rentcast,2,0,0,2,0,1600,1600,unknown,,rentcast_api,-75.14164,39.986748
5639 Market St,19139,,,,,,,,,,,,rentcast_candidate,rentcast,2,0,0,2,0,1111,1111,unknown,,,-75.234306,39.961395
2229 N 33rd St,19132,,,,,,2024,3,4984,641900,CRUD LLC,881001065,rentcast_candidate,rentcast,2,0,0,2,0,1975,1975,opa_backfill,2020+,,-75.186188,39.991001
2139 N 10th St,19122,,,,,,2024,5,45000,4852400,2132-38 N 10TH LLC,881000638,rentcast_candidate,rentcast,2,0,0,2,0,1649,1995,opa_backfill,2020+,,-75.149261,39.985065
2626 Trenton Ave,19125,,2152788848,office@cmgroup2.com,https://www.cmgroup2.com,,2023,4,31160,4927200,City Suburban Estates Llc,881000139,rentcast_candidate,rentcast,2,0,0,2,0,1950,1950,opa_backfill,2020+,derived_from_email,-75.121872,39.984192
